1_Braun_an_Gerhard1832-35_page001.iob	1832-03-10
1_Braun_an_Gerhard1832-35_page002.iob	1832-03-10
1_Braun_an_Gerhard1832-35_page003.iob	1832-03-10
1_Braun_an_Gerhard1832-35_page004.iob	1832-03-10
1_Braun_an_Gerhard1832-35_page005.iob	1832-10-30
1_Braun_an_Gerhard1832-35_page006.iob	1832-10-30
1_Braun_an_Gerhard1832-35_page007.iob	1832-10-30
1_Braun_an_Gerhard1832-35_page008.iob	1832-11-07
1_Braun_an_Gerhard1832-35_page009.iob	1832-11-07
1_Braun_an_Gerhard1832-35_page010.iob	1833-01-12
1_Braun_an_Gerhard1832-35_page011.iob	1833-01-12
1_Braun_an_Gerhard1832-35_page012.iob	1833-01-12
1_Braun_an_Gerhard1832-35_page013.iob	1833-01-29
1_Braun_an_Gerhard1832-35_page014.iob	1833-01-29
1_Braun_an_Gerhard1832-35_page015.iob	1833-01-29
1_Braun_an_Gerhard1832-35_page016.iob	1833-01-29
1_Braun_an_Gerhard1832-35_page017.iob	1833-02-22
1_Braun_an_Gerhard1832-35_page018.iob	1833-02-22
1_Braun_an_Gerhard1832-35_page019.iob	1833-03-01
1_Braun_an_Gerhard1832-35_page020.iob	1833-03-01
1_Braun_an_Gerhard1832-35_page021.iob	1833-03-01
1_Braun_an_Gerhard1832-35_page022.iob	1833-05-23
1_Braun_an_Gerhard1832-35_page023.iob	1833-05-21
1_Braun_an_Gerhard1832-35_page024.iob	1833-05-30
1_Braun_an_Gerhard1832-35_page025.iob	1833-06-01
1_Braun_an_Gerhard1832-35_page026.iob	1833-06-01
1_Braun_an_Gerhard1832-35_page027.iob	Not parsed
1_Braun_an_Gerhard1832-35_page028.iob	Not parsed
1_Braun_an_Gerhard1832-35_page029.iob	1833-07-28
1_Braun_an_Gerhard1832-35_page032.iob	1833-08-09
1_Braun_an_Gerhard1832-35_page033.iob	1833-08-12
1_Braun_an_Gerhard1832-35_page034.iob	1833-08-12
1_Braun_an_Gerhard1832-35_page035.iob	1833-08-13
1_Braun_an_Gerhard1832-35_page036.iob	1833-08-20
1_Braun_an_Gerhard1832-35_page037.iob	1833-09-13
1_Braun_an_Gerhard1832-35_page040.iob	1833-10-05
1_Braun_an_Gerhard1832-35_page041.iob	1833-10-17
1_Braun_an_Gerhard1832-35_page042.iob	Not parsed
1_Braun_an_Gerhard1832-35_page043.iob	Not parsed
1_Braun_an_Gerhard1832-35_page044.iob	1834-01-01
1_Braun_an_Gerhard1832-35_page045.iob	1833-01-01
1_Braun_an_Gerhard1832-35_page047.iob	1834-09-03
1_Braun_an_Gerhard1832-35_page048.iob	1834-09-03
1_Braun_an_Gerhard1832-35_page049.iob	1834-09-03
1_Braun_an_Gerhard1832-35_page050.iob	1834-09-03
1_Braun_an_Gerhard1832-35_page051.iob	1834-09-03
1_Braun_an_Gerhard1832-35_page052.iob	1834-09-03
1_Braun_an_Gerhard1832-35_page053.iob	1834-09-03
1_Braun_an_Gerhard1832-35_page054.iob	1834-09-03
1_Braun_an_Gerhard1832-35_page055.iob	1834-09-04
1_Braun_an_Gerhard1832-35_page056.iob	1834-09-04
1_Braun_an_Gerhard1832-35_page057.iob	1834-09-04
1_Braun_an_Gerhard1832-35_page061.iob	1834-09-06
1_Braun_an_Gerhard1832-35_page062.iob	1834-09-18
1_Braun_an_Gerhard1832-35_page063.iob	1834-09-18
1_Braun_an_Gerhard1832-35_page064.iob	1834-09-18
1_Braun_an_Gerhard1832-35_page065.iob	1834-09-30
1_Braun_an_Gerhard1832-35_page066.iob	1834-09-30
1_Braun_an_Gerhard1832-35_page067.iob	1834-09-30
1_Braun_an_Gerhard1832-35_page068.iob	1834-09-30
1_Braun_an_Gerhard1832-35_page069.iob	1834-10-07
1_Braun_an_Gerhard1832-35_page070.iob	1834-10-07
1_Braun_an_Gerhard1832-35_page071.iob	1834-10-07
1_Braun_an_Gerhard1832-35_page072.iob	1834-10-07
1_Braun_an_Gerhard1832-35_page073.iob	1834-10-07
1_Braun_an_Gerhard1832-35_page074.iob	1834-10-19
1_Braun_an_Gerhard1832-35_page075.iob	1834-10-19
1_Braun_an_Gerhard1832-35_page076.iob	1834-10-19
1_Braun_an_Gerhard1832-35_page077.iob	1834-10-19
1_Braun_an_Gerhard1832-35_page078.iob	1834-10-19
1_Braun_an_Gerhard1832-35_page079.iob	1834-10-28
1_Braun_an_Gerhard1832-35_page080.iob	1834-10-28
1_Braun_an_Gerhard1832-35_page081.iob	1834-10-28
1_Braun_an_Gerhard1832-35_page082.iob	1834-10-28
1_Braun_an_Gerhard1832-35_page085.iob	1834-10-28
1_Braun_an_Gerhard1832-35_page086.iob	1834-10-28
1_Braun_an_Gerhard1832-35_page087.iob	1834-11-01
1_Braun_an_Gerhard1832-35_page088.iob	1834-11-01
1_Braun_an_Gerhard1832-35_page089.iob	1834-11-01
1_Braun_an_Gerhard1832-35_page091.iob	1834-11-01
1_Braun_an_Gerhard1832-35_page093.iob	1834-11-13
1_Braun_an_Gerhard1832-35_page094.iob	1834-11-13
1_Braun_an_Gerhard1832-35_page095.iob	1834-11-13
1_Braun_an_Gerhard1832-35_page097.iob	1834-11-13
1_Braun_an_Gerhard1832-35_page100.iob	1834-11-13
1_Braun_an_Gerhard1832-35_page101.iob	1834-11-22
1_Braun_an_Gerhard1832-35_page102.iob	1834-11-22
1_Braun_an_Gerhard1832-35_page103.iob	1834-11-22
1_Braun_an_Gerhard1832-35_page104.iob	1834-11-25
1_Braun_an_Gerhard1832-35_page105.iob	1834-11-25
1_Braun_an_Gerhard1832-35_page106.iob	1834-11-25
1_Braun_an_Gerhard1832-35_page107.iob	1834-11-25
1_Braun_an_Gerhard1832-35_page108.iob	1834-11-25
1_Braun_an_Gerhard1832-35_page110.iob	1834-11-29
1_Braun_an_Gerhard1832-35_page111.iob	1834-11-29
1_Braun_an_Gerhard1832-35_page117.iob	1834-12-02
1_Braun_an_Gerhard1832-35_page118.iob	1834-12-02
1_Braun_an_Gerhard1832-35_page119.iob	1834-12-09
1_Braun_an_Gerhard1832-35_page120.iob	1834-12-09
1_Braun_an_Gerhard1832-35_page121.iob	1834-12-09
1_Braun_an_Gerhard1832-35_page122.iob	1834-12-09
1_Braun_an_Gerhard1832-35_page123.iob	1834-12-09
1_Braun_an_Gerhard1832-35_page124.iob	1834-12-09
1_Braun_an_Gerhard1832-35_page125.iob	1834-12-13
1_Braun_an_Gerhard1832-35_page126.iob	1834-12-13
1_Braun_an_Gerhard1832-35_page128.iob	1834-12-13
1_Braun_an_Gerhard1832-35_page129.iob	1834-12-13
1_Braun_an_Gerhard1832-35_page130.iob	1834-12-22
1_Braun_an_Gerhard1832-35_page131.iob	1834-12-22
1_Braun_an_Gerhard1832-35_page132.iob	1834-12-22
1_Braun_an_Gerhard1832-35_page133.iob	1834-12-22
1_Braun_an_Gerhard1832-35_page134.iob	1835-01-06
1_Braun_an_Gerhard1832-35_page135.iob	1835-01-06
1_Braun_an_Gerhard1832-35_page136.iob	1835-01-06
1_Braun_an_Gerhard1832-35_page137.iob	1835-01-06
1_Braun_an_Gerhard1832-35_page138.iob	1835-01-06
1_Braun_an_Gerhard1832-35_page139.iob	1835-01-08
1_Braun_an_Gerhard1832-35_page140.iob	1835-01-08
1_Braun_an_Gerhard1832-35_page141.iob	1835-01-08
1_Braun_an_Gerhard1832-35_page142.iob	1835-01-08
1_Braun_an_Gerhard1832-35_page143.iob	1835-01-08
1_Braun_an_Gerhard1832-35_page144.iob	1835-01-10
1_Braun_an_Gerhard1832-35_page145.iob	1835-01-15
1_Braun_an_Gerhard1832-35_page146.iob	1835-01-15
1_Braun_an_Gerhard1832-35_page147.iob	1835-01-15
1_Braun_an_Gerhard1832-35_page148.iob	1835-01-19
1_Braun_an_Gerhard1832-35_page149.iob	1835-01-19
1_Braun_an_Gerhard1832-35_page150.iob	1835-01-19
1_Braun_an_Gerhard1832-35_page151.iob	1835-01-19
1_Braun_an_Gerhard1832-35_page152.iob	1835-01-19
1_Braun_an_Gerhard1832-35_page153.iob	1835-01-19
1_Braun_an_Gerhard1832-35_page154.iob	1835-01-25
1_Braun_an_Gerhard1832-35_page155.iob	1835-01-25
1_Braun_an_Gerhard1832-35_page156.iob	1835-01-25
1_Braun_an_Gerhard1832-35_page157.iob	1835-01-25
1_Braun_an_Gerhard1832-35_page158.iob	1835-01-25
1_Braun_an_Gerhard1832-35_page159.iob	1835-01-25
1_Braun_an_Gerhard1832-35_page160.iob	1835-02-05
1_Braun_an_Gerhard1832-35_page161.iob	1835-02-05
1_Braun_an_Gerhard1832-35_page162.iob	1835-02-12
1_Braun_an_Gerhard1832-35_page163.iob	1835-02-12
1_Braun_an_Gerhard1832-35_page164.iob	1835-02-12
1_Braun_an_Gerhard1832-35_page165.iob	1835-02-12
1_Braun_an_Gerhard1832-35_page166.iob	1835-02-12
1_Braun_an_Gerhard1832-35_page167.iob	1835-02-19
1_Braun_an_Gerhard1832-35_page168.iob	1835-02-19
1_Braun_an_Gerhard1832-35_page169.iob	1835-02-19
1_Braun_an_Gerhard1832-35_page170.iob	1835-02-19
1_Braun_an_Gerhard1832-35_page171.iob	1835-02-22
1_Braun_an_Gerhard1832-35_page172.iob	1835-02-22
1_Braun_an_Gerhard1832-35_page173.iob	1835-02-26
1_Braun_an_Gerhard1832-35_page174.iob	1835-02-26
1_Braun_an_Gerhard1832-35_page175.iob	1835-02-26
1_Braun_an_Gerhard1832-35_page176.iob	1835-02-26
1_Braun_an_Gerhard1832-35_page177.iob	1835-02-26
1_Braun_an_Gerhard1832-35_page178.iob	1835-03-05
1_Braun_an_Gerhard1832-35_page179.iob	1835-03-05
1_Braun_an_Gerhard1832-35_page180.iob	1835-03-07
1_Braun_an_Gerhard1832-35_page181.iob	1835-03-12
1_Braun_an_Gerhard1832-35_page182.iob	1835-03-12
1_Braun_an_Gerhard1832-35_page183.iob	1835-03-12
1_Braun_an_Gerhard1832-35_page185.iob	1835-03-12
1_Braun_an_Gerhard1832-35_page186.iob	1835-03-12
1_Braun_an_Gerhard1832-35_page188.iob	16 . 17 . März 1835
1_Braun_an_Gerhard1832-35_page189.iob	16 . 17 . März 1836
1_Braun_an_Gerhard1832-35_page190.iob	16 . 17 . März 1835
1_Braun_an_Gerhard1832-35_page191.iob	16 . 17 . März 1835
1_Braun_an_Gerhard1832-35_page192.iob	16 . 17 . März 1835
1_Braun_an_Gerhard1832-35_page193.iob	1835-03-26
1_Braun_an_Gerhard1832-35_page194.iob	1835-03-26
1_Braun_an_Gerhard1832-35_page195.iob	1835-03-31
1_Braun_an_Gerhard1832-35_page196.iob	1835-04-27
1_Braun_an_Gerhard1832-35_page197.iob	1835-04-27
1_Braun_an_Gerhard1832-35_page199.iob	Not parsed
1_Braun_an_Gerhard1832-35_page200.iob	1835-04-07
1_Braun_an_Gerhard1832-35_page202.iob	1835-04-07
1_Braun_an_Gerhard1832-35_page203.iob	1835-04-07
1_Braun_an_Gerhard1832-35_page204.iob	1835-04-16
1_Braun_an_Gerhard1832-35_page205.iob	1835-04-16
1_Braun_an_Gerhard1832-35_page206.iob	1835-04-16
1_Braun_an_Gerhard1832-35_page207.iob	1835-04-16
1_Braun_an_Gerhard1832-35_page208.iob	1835-04-22
1_Braun_an_Gerhard1832-35_page209.iob	1835-04-22
1_Braun_an_Gerhard1832-35_page210.iob	1835-04-22
1_Braun_an_Gerhard1832-35_page211.iob	1835-04-22
1_Braun_an_Gerhard1832-35_page212.iob	1835-04-22
2_Braun1835_page001.iob	1835-07-23
2_Braun1835_page002.iob	1835-07-23
2_Braun1835_page003.iob	1835-07-23
2_Braun1835_page004.iob	1835-07-23
2_Braun1835_page005.iob	1835-07-01
2_Braun1835_page006.iob	1835-07-01
2_Braun1835_page007.iob	1835-09-01
2_Braun1835_page008.iob	1835-09-01
2_Braun1835_page009.iob	1835-09-01
2_Braun1835_page010.iob	1835-09-01
2_Braun1835_page011.iob	1835-09-01
2_Braun1835_page012.iob	1835-09-08
2_Braun1835_page013.iob	1835-09-08
2_Braun1835_page014.iob	1835-09-08
2_Braun1835_page015.iob	1835-09-10
2_Braun1835_page016.iob	1835-09-29
2_Braun1835_page017.iob	1835-09-29
2_Braun1835_page018.iob	1835-09-29
2_Braun1835_page019.iob	1835-10-26
2_Braun1835_page020.iob	1835-10-26
2_Braun1835_page021.iob	1835-10-22
2_Braun1835_page022.iob	1835-10-22
2_Braun1835_page023.iob	1835-11-03
2_Braun1835_page024.iob	1835-11-03
2_Braun1835_page025.iob	1835-11-03
2_Braun1835_page026.iob	1835-11-03
2_Braun1835_page027.iob	1835-11-03
2_Braun1835_page028.iob	1835-11-03
2_Braun1835_page029.iob	1835-11-03
2_Braun1835_page030.iob	1835-11-03
2_Braun1835_page031.iob	1835-11-03
2_Braun1835_page032.iob	1835-11-03
2_Braun1835_page033.iob	1835-11-10
2_Braun1835_page034.iob	1835-11-10
2_Braun1835_page035.iob	1835-11-10
2_Braun1835_page036.iob	1835-11-08
2_Braun1835_page037.iob	1835-11-08
2_Braun1835_page038.iob	1835-11-08
2_Braun1835_page039.iob	1835-11-08
2_Braun1835_page040.iob	1835-11-11
2_Braun1835_page041.iob	1835-11-01
2_Braun1835_page042.iob	1835-11-01
2_Braun1835_page043.iob	1835-11-01
2_Braun1835_page044.iob	1835-11-01
2_Braun1835_page045.iob	1835-11-01
2_Braun1835_page046.iob	1835-11-01
2_Braun1835_page047.iob	1835-11-01
2_Braun1835_page048.iob	1835-11-01
2_Braun1835_page049.iob	1835-11-01
2_Braun1835_page050.iob	1835-11-01
2_Braun1835_page051.iob	1835-11-01
2_Braun1835_page052.iob	1835-11-01
2_Braun1835_page053.iob	1835-11-01
2_Braun1835_page054.iob	1835-11-01
2_Braun1835_page055.iob	1835-12-12
2_Braun1835_page056.iob	1835-12-12
2_Braun1835_page057.iob	1835-12-15
2_Braun1835_page058.iob	1835-12-15
2_Braun1835_page059.iob	1835-12-15
2_Braun1835_page060.iob	1835-12-15
2_Braun1835_page061.iob	1835-12-19
2_Braun1835_page062.iob	1835-12-19
2_Braun1835_page063.iob	1835-12-19
2_Braun1835_page064.iob	1836-01-05
2_Braun1835_page065.iob	1836-01-05
2_Braun1835_page066.iob	1836-01-05
2_Braun1835_page067.iob	1836-01-19
2_Braun1835_page069.iob	1836-01-19
2_Braun1835_page070.iob	1839-01-19
2_Braun1835_page071.iob	1836-01-19
2_Braun1835_page072.iob	1836-01-26
2_Braun1835_page073.iob	1836-02-04
2_Braun1835_page074.iob	1836-02-16
2_Braun1835_page075.iob	1836-02-18
2_Braun1835_page076.iob	1836-02-18
2_Braun1835_page077.iob	1836-02-18
2_Braun1835_page078.iob	1836-03-01
2_Braun1835_page079.iob	1836-03-01
2_Braun1835_page080.iob	1836-03-10
2_Braun1835_page081.iob	1836-03-10
2_Braun1835_page082.iob	1836-03-10
2_Braun1835_page083.iob	1836-03-19
2_Braun1835_page084.iob	1836-03-19
2_Braun1835_page085.iob	1836-03-22
2_Braun1835_page086.iob	1836-03-22
2_Braun1835_page087.iob	1836-03-22
2_Braun1835_page088.iob	1836-04-02
2_Braun1835_page089.iob	1836-04-02
2_Braun1835_page090.iob	1836-04-02
2_Braun1835_page091.iob	1836-04-09
2_Braun1835_page092.iob	1836-04-09
2_Braun1835_page093.iob	1836-04-12
2_Braun1835_page094.iob	1836-04-12
2_Braun1835_page095.iob	1836-04-12
2_Braun1835_page096.iob	1836-04-12
2_Braun1835_page097.iob	1836-04-14
2_Braun1835_page098.iob	1836-04-14
2_Braun1835_page099.iob	1836-04-14
2_Braun1835_page100.iob	1836-04-14
2_Braun1835_page101.iob	1836-04-14
2_Braun1835_page102.iob	1836-04-19
2_Braun1835_page103.iob	1836-04-19
2_Braun1835_page104.iob	1836-04-26
2_Braun1835_page105.iob	1836-05-16
2_Braun1835_page106.iob	1836-05-24
2_Braun1835_page107.iob	1836-05-24
2_Braun1835_page108.iob	1836-05-24
2_Braun1835_page109.iob	1836-05-31
2_Braun1835_page110.iob	1836-05-31
2_Braun1835_page111.iob	1836-05-31
2_Braun1835_page112.iob	1836-05-31
2_Braun1835_page113.iob	1836-05-31
2_Braun1835_page114.iob	1836-05-31
2_Braun1835_page115.iob	1836-06-16
2_Braun1835_page116.iob	1836-06-16
2_Braun1835_page117.iob	1836-06-16
2_Braun1835_page118.iob	1836-06-16
2_Braun1835_page119.iob	1836-06-23
2_Braun1835_page120.iob	1836-06-23
2_Braun1835_page121.iob	1836-06-23
2_Braun1835_page122.iob	1836-06-23
2_Braun1835_page123.iob	1836-06-23
2_Braun1835_page124.iob	1836-06-23
2_Braun1835_page125.iob	1836-06-23
2_Braun1835_page126.iob	1836-06-23
2_Braun1835_page127.iob	1836-06-23
2_Braun1835_page128.iob	1836-06-28
2_Braun1835_page129.iob	1836-06-28
2_Braun1835_page130.iob	1836-06-28
2_Braun1835_page131.iob	1836-06-28
2_Braun1835_page132.iob	1836-06-28
2_Braun1835_page133.iob	1836-06-28
2_Braun1835_page134.iob	1836-06-28
2_Braun1835_page135.iob	1836-06-28
2_Braun1835_page136.iob	1836-06-28
2_Braun1835_page137.iob	1836-06-28
2_Braun1835_page138.iob	1836-06-28
2_Braun1835_page139.iob	1836-06-28
2_Braun1835_page140.iob	1836-06-28
2_Braun1835_page141.iob	1836-06-28
2_Braun1835_page142.iob	1836-06-28
2_Braun1835_page143.iob	1836-06-28
2_Braun1835_page144.iob	1836-07-05
2_Braun1835_page145.iob	1836-07-05
2_Braun1835_page146.iob	1836-07-05
2_Braun1835_page147.iob	1836-07-19
2_Braun1835_page148.iob	1836-07-19
2_Braun1835_page149.iob	1836-07-19
2_Braun1835_page150.iob	1836-07-19
2_Braun1835_page151.iob	1836-07-26
2_Braun1835_page152.iob	1836-08-02
2_Braun1835_page153.iob	1836-08-02
2_Braun1835_page154.iob	1836-08-02
2_Braun1835_page155.iob	1836-08-02
2_Braun1835_page157.iob	1836-08-02
2_Braun1835_page158.iob	1836-08-04
2_Braun1835_page159.iob	1836-08-04
2_Braun1835_page160.iob	1836-08-11
2_Braun1835_page161.iob	1836-08-11
2_Braun1835_page162.iob	1837-01-01
2_Braun1835_page163.iob	1837-01-01
2_Braun1835_page164.iob	1837-01-01
2_Braun1835_page165.iob	1837-01-01
2_Braun1835_page166.iob	1837-04-15
2_Braun1835_page167.iob	1837-04-15
2_Braun1835_page168.iob	1837-06-15
2_Braun1835_page169.iob	1837-06-15
2_Braun1835_page170.iob	1837-06-22
2_Braun1835_page171.iob	1837-06-22
2_Braun1835_page172.iob	1837-06-24
2_Braun1835_page173.iob	1837-06-24
2_Braun1835_page174.iob	1837-06-24
2_Braun1835_page175.iob	1837-06-24
2_Braun1835_page176.iob	1837-06-24
2_Braun1835_page177.iob	1837-06-29
2_Braun1835_page178.iob	1837-06-29
2_Braun1835_page179.iob	1837-06-29
2_Braun1835_page180.iob	1837-07-01
2_Braun1835_page181.iob	1837-07-01
2_Braun1835_page182.iob	1837-07-01
2_Braun1835_page183.iob	1837-07-01
2_Braun1835_page184.iob	1837-07-01
2_Braun1835_page185.iob	1837-07-01
2_Braun1835_page186.iob	1837-07-01
2_Braun1835_page187.iob	1837-07-04
2_Braun1835_page188.iob	1837-07-04
2_Braun1835_page189.iob	1837-07-11
2_Braun1835_page190.iob	1837-07-15
2_Braun1835_page191.iob	1837-07-15
2_Braun1835_page192.iob	1837-07-18
2_Braun1835_page193.iob	1837-07-18
2_Braun1835_page194.iob	1837-07-18
2_Braun1835_page195.iob	1837-07-18
2_Braun1835_page196.iob	1837-07-18
2_Braun1835_page197.iob	1837-07-18
2_Braun1835_page198.iob	1837-08-23
2_Braun1835_page199.iob	1837-08-23
2_Braun1835_page200.iob	1837-08-23
2_Braun1835_page201.iob	1837-08-23
2_Braun1835_page202.iob	1837-09-13
2_Braun1835_page203.iob	1837-10-13
2_Braun1835_page204.iob	1837-10-13
2_Braun1835_page205.iob	1837-10-20
2_Braun1835_page206.iob	1837-10-20
2_Braun1835_page207.iob	1837-10-20
2_Braun1835_page208.iob	1837-10-26
2_Braun1835_page209.iob	1837-10-26
2_Braun1835_page210.iob	1837-10-26
2_Braun1835_page211.iob	1837-10-29
2_Braun1835_page212.iob	1837-10-29
2_Braun1835_page213.iob	1837-10-29
2_Braun1835_page214.iob	1837-10-29
2_Braun1835_page215.iob	1837-10-29
2_Braun1835_page216.iob	1837-11-01
2_Braun1835_page217.iob	1837-11-01
2_Braun1835_page218.iob	1837-12-01
2_Braun1835_page219.iob	1837-12-01
2_Braun1835_page220.iob	1837-12-01
2_Braun1835_page221.iob	1837-12-01
2_Braun1835_page222.iob	1837-12-01
2_Braun1835_page223.iob	1837-12-01
2_Braun1835_page224.iob	1837-12-05
2_Braun1835_page225.iob	1837-12-05
2_Braun1835_page226.iob	1837-12-05
2_Braun1835_page227.iob	1837-12-12
2_Braun1835_page228.iob	1837-12-12
3_Brunn1858_page001.iob	1858-07-18
3_Brunn1858_page002.iob	1858-07-18
3_Brunn1858_page003.iob	1858-07-18
3_Brunn1858_page004.iob	1858-07-18
3_Brunn1858_page005.iob	1858-07-29
3_Brunn1858_page006.iob	1858-07-29
3_Brunn1858_page007.iob	1858-07-29
3_Brunn1858_page008.iob	1858-07-29
3_Brunn1858_page009.iob	1858-08-05
3_Brunn1858_page010.iob	1858-08-05
3_Brunn1858_page011.iob	1858-08-10
3_Brunn1858_page012.iob	1858-08-10
3_Brunn1858_page013.iob	1858-08-17
3_Brunn1858_page014.iob	1858-08-17
3_Brunn1858_page015.iob	1858-08-17
3_Brunn1858_page016.iob	1858-08-17
3_Brunn1858_page017.iob	1858-08-24
3_Brunn1858_page018.iob	1858-08-24
3_Brunn1858_page019.iob	1858-08-24
3_Brunn1858_page020.iob	1858-08-31
3_Brunn1858_page021.iob	1858-08-31
3_Brunn1858_page022.iob	1858-09-03
3_Brunn1858_page023.iob	1858-09-03
3_Brunn1858_page024.iob	1858-09-03
3_Brunn1858_page025.iob	1858-09-07
3_Brunn1858_page026.iob	1858-09-20
3_Brunn1858_page027.iob	1858-09-20
3_Brunn1858_page028.iob	1858-09-20
3_Brunn1858_page029.iob	1858-09-20
3_Brunn1858_page030.iob	1858-09-20
3_Brunn1858_page031.iob	1858-09-27
3_Brunn1858_page032.iob	1858-09-27
3_Brunn1858_page033.iob	1858-09-27
3_Brunn1858_page034.iob	1858-09-27
3_Brunn1858_page035.iob	1858-10-04
3_Brunn1858_page036.iob	1858-10-04
3_Brunn1858_page037.iob	1858-10-04
3_Brunn1858_page038.iob	1858-10-11
3_Brunn1858_page039.iob	1858-10-11
3_Brunn1858_page040.iob	1858-10-11
3_Brunn1858_page041.iob	1858-10-20
3_Brunn1858_page042.iob	1858-10-20
3_Brunn1858_page043.iob	1859-08-09
3_Brunn1858_page044.iob	1859-07-22
3_Brunn1858_page045.iob	1859-07-22
3_Brunn1858_page046.iob	1859-07-22
3_Brunn1858_page047.iob	1859-07-22
3_Brunn1858_page048.iob	1859-07-22
3_Brunn1858_page049.iob	1859-08-24
3_Brunn1858_page050.iob	1859-08-24
3_Brunn1858_page051.iob	1859-08-24
3_Brunn1858_page052.iob	1859-08-26
3_Brunn1858_page053.iob	1859-09-05
3_Brunn1858_page054.iob	1859-09-05
3_Brunn1858_page055.iob	1860-07-16
3_Brunn1858_page056.iob	1860-07-25
3_Brunn1858_page057.iob	1860-07-25
3_Brunn1858_page058.iob	1860-07-25
3_Brunn1858_page059.iob	1860-08-09
3_Brunn1858_page060.iob	1860-08-09
3_Brunn1858_page061.iob	1860-08-09
3_Brunn1858_page062.iob	1860-08-16
3_Brunn1858_page063.iob	1860-08-16
3_Brunn1858_page064.iob	1860-08-23
3_Brunn1858_page065.iob	1860-09-09
3_Brunn1858_page066.iob	1860-09-09
3_Brunn1858_page067.iob	1860-09-09
3_Brunn1858_page068.iob	1860-09-13
3_Brunn1858_page069.iob	1860-09-13
3_Brunn1858_page070.iob	1861-07-24
3_Brunn1858_page071.iob	1861-07-26
3_Brunn1858_page072.iob	1861-07-29
3_Brunn1858_page073.iob	1861-07-31
3_Brunn1858_page074.iob	1861-08-05
3_Brunn1858_page075.iob	1861-08-12
3_Brunn1858_page076.iob	1861-08-14
3_Brunn1858_page077.iob	1861-08-14
3_Brunn1858_page078.iob	1861-08-19
3_Brunn1858_page079.iob	1861-08-21
3_Brunn1858_page080.iob	1861-08-21
3_Brunn1858_page081.iob	1861-08-28
3_Brunn1858_page082.iob	1861-08-28
3_Brunn1858_page083.iob	1861-09-02
3_Brunn1858_page084.iob	1861-09-03
3_Brunn1858_page085.iob	1861-09-07
3_Brunn1858_page086.iob	1861-09-07
3_Brunn1858_page087.iob	1861-09-09
3_Brunn1858_page088.iob	1861-09-11
3_Brunn1858_page089.iob	1861-09-18
3_Brunn1858_page090.iob	1862-05-15
3_Brunn1858_page091.iob	1862-05-23
3_Brunn1858_page092.iob	1862-05-23
3_Brunn1858_page093.iob	1862-05-23
3_Brunn1858_page094.iob	1862-05-23
3_Brunn1858_page095.iob	1862-05-26
3_Brunn1858_page096.iob	1862-05-31
3_Brunn1858_page097.iob	1862-05-31
3_Brunn1858_page098.iob	1862-05-31
3_Brunn1858_page099.iob	1862-06-07
3_Brunn1858_page100.iob	1862-06-07
3_Brunn1858_page101.iob	1862-06-07
3_Brunn1858_page102.iob	1862-06-07
3_Brunn1858_page103.iob	1862-06-07
3_Brunn1858_page104.iob	1862-06-15
3_Brunn1858_page105.iob	1862-06-15
3_Brunn1858_page106.iob	1862-06-15
3_Brunn1858_page107.iob	1862-06-23
3_Brunn1858_page108.iob	1862-06-23
3_Brunn1858_page109.iob	1862-06-23
3_Brunn1858_page110.iob	1862-07-01
3_Brunn1858_page111.iob	1862-07-01
3_Brunn1858_page112.iob	1862-07-01
3_Brunn1858_page113.iob	1862-07-01
3_Brunn1858_page114.iob	1862-07-12
3_Brunn1858_page115.iob	1862-07-12
3_Brunn1858_page116.iob	1852-07-12
3_Brunn1858_page117.iob	1862-07-16
3_Brunn1858_page118.iob	1862-07-16
3_Brunn1858_page119.iob	1862-07-16
3_Brunn1858_page120.iob	1862-07-26
3_Brunn1858_page121.iob	1862-07-26
3_Brunn1858_page122.iob	1862-09-08
3_Brunn1858_page123.iob	1862-09-08
3_Brunn1858_page124.iob	1862-09-20
3_Brunn1858_page125.iob	1862-09-20
3_Brunn1858_page126.iob	1862-09-20
3_Brunn1858_page127.iob	1862-09-20
3_Brunn1858_page128.iob	1862-09-20
3_Brunn1858_page129.iob	1862-09-20
3_Brunn1858_page130.iob	1862-09-20
3_Brunn1858_page131.iob	1862-10-16
3_Brunn1858_page132.iob	1862-10-16
3_Brunn1858_page133.iob	Not parsed
3_Brunn1858_page134.iob	1862-10-03
3_Brunn1858_page135.iob	1862-10-03
3_Brunn1858_page136.iob	1862-10-03
3_Brunn1858_page137.iob	Not parsed
3_Brunn1858_page138.iob	Not parsed
3_Brunn1858_page139.iob	1863-04-07
3_Brunn1858_page140.iob	1863-04-07
3_Brunn1858_page141.iob	1863-04-07
3_Brunn1858_page142.iob	1863-04-07
3_Brunn1858_page143.iob	1863-05-23
3_Brunn1858_page144.iob	1863-05-23
3_Brunn1858_page145.iob	1863-05-23
3_Brunn1858_page146.iob	1863-05-23
3_Brunn1858_page147.iob	1863-05-27
3_Brunn1858_page148.iob	1863-05-27
3_Brunn1858_page149.iob	1863-05-27
3_Brunn1858_page150.iob	1863-05-27
3_Brunn1858_page151.iob	1863-06-01
3_Brunn1858_page152.iob	1863-06-01
3_Brunn1858_page153.iob	1863-06-01
3_Brunn1858_page154.iob	1863-06-06
3_Brunn1858_page155.iob	1863-06-06
3_Brunn1858_page156.iob	1863-06-06
3_Brunn1858_page157.iob	1863-06-08
3_Brunn1858_page158.iob	1863-06-08
3_Brunn1858_page159.iob	1863-06-17
3_Brunn1858_page160.iob	1863-06-17
3_Brunn1858_page161.iob	1863-06-17
3_Brunn1858_page162.iob	1863-06-17
3_Brunn1858_page163.iob	1863-06-17
3_Brunn1858_page164.iob	1863-06-17
3_Brunn1858_page165.iob	1863-06-29
3_Brunn1858_page166.iob	1863-06-29
3_Brunn1858_page167.iob	1863-06-29
3_Brunn1858_page168.iob	1863-06-29
3_Brunn1858_page169.iob	1863-07-12
3_Brunn1858_page170.iob	1863-07-12
3_Brunn1858_page171.iob	1863-07-12
3_Brunn1858_page172.iob	1863-07-12
3_Brunn1858_page173.iob	1863-07-12
3_Brunn1858_page174.iob	1863-07-15
3_Brunn1858_page175.iob	1863-07-15
3_Brunn1858_page176.iob	1863-07-01
3_Brunn1858_page177.iob	1863-07-29
3_Brunn1858_page178.iob	1863-07-29
3_Brunn1858_page179.iob	1863-07-29
3_Brunn1858_page180.iob	1863-07-29
3_Brunn1858_page181.iob	1863-07-01
3_Brunn1858_page182.iob	1863-07-01
3_Brunn1858_page183.iob	1863-07-01
3_Brunn1858_page184.iob	1863-07-31
3_Brunn1858_page185.iob	1863-07-31
3_Brunn1858_page186.iob	1863-08-21
3_Brunn1858_page187.iob	1863-08-21
3_Brunn1858_page188.iob	1863-08-21
3_Brunn1858_page189.iob	1863-08-21
3_Brunn1858_page190.iob	1863-08-21
3_Brunn1858_page191.iob	1863-09-09
3_Brunn1858_page192.iob	1863-09-09
3_Brunn1858_page193.iob	1863-09-09
3_Brunn1858_page194.iob	1863-09-09
3_Brunn1858_page195.iob	1863-09-09
3_Brunn1858_page196.iob	1863-09-09
3_Brunn1858_page197.iob	1863-09-25
3_Brunn1858_page198.iob	1863-09-25
3_Brunn1858_page199.iob	1863-09-25
3_Brunn1858_page200.iob	1863-09-25
3_Brunn1858_page201.iob	1864-06-02
3_Brunn1858_page202.iob	1864-06-02
3_Brunn1858_page203.iob	1864-06-02
3_Brunn1858_page204.iob	1864-06-02
3_Brunn1858_page205.iob	1864-06-09
3_Brunn1858_page206.iob	1864-06-09
3_Brunn1858_page207.iob	1864-06-09
3_Brunn1858_page208.iob	1864-06-09
3_Brunn1858_page209.iob	1864-06-15
3_Brunn1858_page210.iob	1864-06-15
3_Brunn1858_page211.iob	1864-06-15
3_Brunn1858_page212.iob	1864-06-23
3_Brunn1858_page213.iob	1864-06-23
3_Brunn1858_page214.iob	1864-06-23
3_Brunn1858_page215.iob	1864-06-23
3_Brunn1858_page216.iob	1864-07-01
3_Brunn1858_page217.iob	1864-07-01
3_Brunn1858_page218.iob	1864-07-01
3_Brunn1858_page219.iob	1864-07-01
3_Brunn1858_page220.iob	1864-07-08
3_Brunn1858_page221.iob	1864-07-08
3_Brunn1858_page222.iob	1864-07-08
3_Brunn1858_page223.iob	1864-07-08
3_Brunn1858_page224.iob	1864-07-21
3_Brunn1858_page225.iob	1864-07-21
3_Brunn1858_page226.iob	1864-07-21
3_Brunn1858_page227.iob	1864-08-07
3_Brunn1858_page228.iob	1864-08-07
3_Brunn1858_page229.iob	1864-08-07
3_Brunn1858_page230.iob	1864-08-07
3_Brunn1858_page231.iob	1864-08-23
3_Brunn1858_page232.iob	1864-08-23
3_Brunn1858_page233.iob	1864-08-23
3_Brunn1858_page234.iob	1864-09-21
3_Brunn1858_page235.iob	1864-09-21
3_Brunn1858_page236.iob	1864-09-21
3_Brunn1858_page237.iob	1864-09-21
3_Brunn1858_page238.iob	1864-10-14
3_Brunn1858_page239.iob	1864-10-14
3_Brunn1858_page240.iob	1864-10-20
3_Brunn1858_page241.iob	1864-10-20
4_MommsenAnBrunn_page001_tsv.iob	1845-06-02
4_MommsenAnBrunn_page002_tsv.iob	1845-09-05
4_MommsenAnBrunn_page003_tsv.iob	1845-09-05
4_MommsenAnBrunn_page004_tsv.iob	1845-09-05
4_MommsenAnBrunn_page005_tsv.iob	1845-09-05
4_MommsenAnBrunn_page006_tsv.iob	1846-04-16
4_MommsenAnBrunn_page007_tsv.iob	1846-04-16
4_MommsenAnBrunn_page008_tsv.iob	1846-04-16
4_MommsenAnBrunn_page009_tsv.iob	1846-06-26
4_MommsenAnBrunn_page010_tsv.iob	1846-07-09
4_MommsenAnBrunn_page011_tsv.iob	1846-07-09
4_MommsenAnBrunn_page012_tsv.iob	1846-07-24
4_MommsenAnBrunn_page013_tsv.iob	1846-07-24
4_MommsenAnBrunn_page014_tsv.iob	1846-08-01
4_MommsenAnBrunn_page015_tsv.iob	1846-08-09
4_MommsenAnBrunn_page016_tsv.iob	1846-08-09
4_MommsenAnBrunn_page017_tsv.iob	1846-08-20
4_MommsenAnBrunn_page018_tsv.iob	1846-08-20
4_MommsenAnBrunn_page019_tsv.iob	1846-08-20
4_MommsenAnBrunn_page020_tsv.iob	1846-08-26
4_MommsenAnBrunn_page021_tsv.iob	1846-08-26
4_MommsenAnBrunn_page022_tsv.iob	1846-09-03
4_MommsenAnBrunn_page023_tsv.iob	1846-09-18
4_MommsenAnBrunn_page024_tsv.iob	1846-11-22
4_MommsenAnBrunn_page025_tsv.iob	1846-12-11
4_MommsenAnBrunn_page026_tsv.iob	1846-12-11
4_MommsenAnBrunn_page027_tsv.iob	1848-08-04
4_MommsenAnBrunn_page028_tsv.iob	1848-08-04
4_MommsenAnBrunn_page029_tsv.iob	1849-03-02
4_MommsenAnBrunn_page030_tsv.iob	1849-03-02
4_MommsenAnBrunn_page031_tsv.iob	Herbst 1849
4_MommsenAnBrunn_page032_tsv.iob	Herbst 1849
4_MommsenAnBrunn_page033_tsv.iob	Herbst 1849
4_MommsenAnBrunn_page034_tsv.iob	1849-11-26
4_MommsenAnBrunn_page035_tsv.iob	1949-12-31
4_MommsenAnBrunn_page036_tsv.iob	1949-12-31
4_MommsenAnBrunn_page037_tsv.iob	1949-12-31
4_MommsenAnBrunn_page038_tsv.iob	1949-12-31
4_MommsenAnBrunn_page039_tsv.iob	1949-12-31
4_MommsenAnBrunn_page040_tsv.iob	1850-02-20
4_MommsenAnBrunn_page041_tsv.iob	1850-02-20
4_MommsenAnBrunn_page042_tsv.iob	1850-02-20
4_MommsenAnBrunn_page043_tsv.iob	1850-02-20
4_MommsenAnBrunn_page044_tsv.iob	1850-02-20
4_MommsenAnBrunn_page045_tsv.iob	1850-10-21
4_MommsenAnBrunn_page046_tsv.iob	1850-10-21
4_MommsenAnBrunn_page047_tsv.iob	1850-10-21
4_MommsenAnBrunn_page048_tsv.iob	1851-02-26
4_MommsenAnBrunn_page049_tsv.iob	1851-08-10
4_MommsenAnBrunn_page050_tsv.iob	1851-08-10
4_MommsenAnBrunn_page051_tsv.iob	1851-08-10
4_MommsenAnBrunn_page052_tsv.iob	1851-08-10
4_MommsenAnBrunn_page053_tsv.iob	1851-08-10
4_MommsenAnBrunn_page054_tsv.iob	1851-09-12
4_MommsenAnBrunn_page055_tsv.iob	1851-09-12
4_MommsenAnBrunn_page056_tsv.iob	1851-09-12
4_MommsenAnBrunn_page057_tsv.iob	1851-09-12
4_MommsenAnBrunn_page058_tsv.iob	1851-09-12
4_MommsenAnBrunn_page059_tsv.iob	1851-12-06
4_MommsenAnBrunn_page060_tsv.iob	1851-12-06
4_MommsenAnBrunn_page061_tsv.iob	1851-12-06
4_MommsenAnBrunn_page062_tsv.iob	1852-03-06
4_MommsenAnBrunn_page063_tsv.iob	1852-03-06
4_MommsenAnBrunn_page064_tsv.iob	1852-03-06
4_MommsenAnBrunn_page065_tsv.iob	1852-03-06
4_MommsenAnBrunn_page066_tsv.iob	1852-04-07
4_MommsenAnBrunn_page067_tsv.iob	1852-04-07
4_MommsenAnBrunn_page068_tsv.iob	1852-05-22
4_MommsenAnBrunn_page069_tsv.iob	1852-05-22
4_MommsenAnBrunn_page070_tsv.iob	1852-05-08
4_MommsenAnBrunn_page071_tsv.iob	1852-05-08
4_MommsenAnBrunn_page072_tsv.iob	1852-09-20
4_MommsenAnBrunn_page073_tsv.iob	1852-09-20
4_MommsenAnBrunn_page074_tsv.iob	1852-09-20
4_MommsenAnBrunn_page075_tsv.iob	1852-09-20
4_MommsenAnBrunn_page076_tsv.iob	1853-02-05
4_MommsenAnBrunn_page077_tsv.iob	1853-02-05
4_MommsenAnBrunn_page078_tsv.iob	0?
4_MommsenAnBrunn_page079_tsv.iob	0?
4_MommsenAnBrunn_page080_tsv.iob	0?
4_MommsenAnBrunn_page081_tsv.iob	0?
4_MommsenAnBrunn_page082_tsv.iob	0?
4_MommsenAnBrunn_page083_tsv.iob	1854-05-19
4_MommsenAnBrunn_page084_tsv.iob	1854-05-19
4_MommsenAnBrunn_page085_tsv.iob	1854-09-05
4_MommsenAnBrunn_page086_tsv.iob	1854-12-28
4_MommsenAnBrunn_page087_tsv.iob	1854-12-28
4_MommsenAnBrunn_page088_tsv.iob	1854-12-28
4_MommsenAnBrunn_page089_tsv.iob	1856-04-25
4_MommsenAnBrunn_page090_tsv.iob	1856-04-25
4_MommsenAnBrunn_page091_tsv.iob	1856-04-25
4_MommsenAnBrunn_page092_tsv.iob	1856-04-25
4_MommsenAnBrunn_page093_tsv.iob	1856-04-30
4_MommsenAnBrunn_page094_tsv.iob	1856-04-30
4_MommsenAnBrunn_page095_tsv.iob	1856-04-30
4_MommsenAnBrunn_page096_tsv.iob	1856-05-17
4_MommsenAnBrunn_page097_tsv.iob	1856-05-17
4_MommsenAnBrunn_page098_tsv.iob	1856-05-22
4_MommsenAnBrunn_page099_tsv.iob	1856-05-22
4_MommsenAnBrunn_page100_tsv.iob	1856-11-16
4_MommsenAnBrunn_page101_tsv.iob	1856-11-16
4_MommsenAnBrunn_page102_tsv.iob	1856-12-04
4_MommsenAnBrunn_page103_tsv.iob	1856-12-04
4_MommsenAnBrunn_page104_tsv.iob	1858-01-25
4_MommsenAnBrunn_page105_tsv.iob	1858-10-30
4_MommsenAnBrunn_page106_tsv.iob	1858-10-30
4_MommsenAnBrunn_page107_tsv.iob	1858-10-30
4_MommsenAnBrunn_page108_tsv.iob	1859-06-05
4_MommsenAnBrunn_page109_tsv.iob	1859-06-05
4_MommsenAnBrunn_page110_tsv.iob	1859-06-05
4_MommsenAnBrunn_page111_tsv.iob	1859-06-05
4_MommsenAnBrunn_page112_tsv.iob	1859-06-05
4_MommsenAnBrunn_page113_tsv.iob	1859-06-05
4_MommsenAnBrunn_page114_tsv.iob	1859-07-09
4_MommsenAnBrunn_page115_tsv.iob	1859-07-09
4_MommsenAnBrunn_page116_tsv.iob	1859-07-09
4_MommsenAnBrunn_page117_tsv.iob	1861-04-21
4_MommsenAnBrunn_page118_tsv.iob	1961-04-21
4_MommsenAnBrunn_page119_tsv.iob	1861-04-21
4_MommsenAnBrunn_page120_tsv.iob	1861-04-21
4_MommsenAnBrunn_page121_tsv.iob	1861-04-25
4_MommsenAnBrunn_page122_tsv.iob	1861-04-25
4_MommsenAnBrunn_page123_tsv.iob	1861-04-25
4_MommsenAnBrunn_page124_tsv.iob	1861-04-25
4_MommsenAnBrunn_page125_tsv.iob	1861-04-25
4_MommsenAnBrunn_page126_tsv.iob	1861-04-25
4_MommsenAnBrunn_page127_tsv.iob	1861-05-17
4_MommsenAnBrunn_page128_tsv.iob	1861-05-17
4_MommsenAnBrunn_page129_tsv.iob	1861-05-17
4_MommsenAnBrunn_page130_tsv.iob	1861-05-17
4_MommsenAnBrunn_page131_tsv.iob	1861-05-17
4_MommsenAnBrunn_page132_tsv.iob	1865-07-02
4_MommsenAnBrunn_page133_tsv.iob	1865-07-02
4_MommsenAnBrunn_page134_tsv.iob	1865-07-02
4_MommsenAnBrunn_page135_tsv.iob	1865-07-02
4_MommsenAnBrunn_page136_tsv.iob	1863-07-02
4_MommsenAnBrunn_page137_tsv.iob	1863-07-02
4_MommsenAnBrunn_page138_tsv.iob	1864-04-05
4_MommsenAnBrunn_page139_tsv.iob	1864-04-05
4_MommsenAnBrunn_page140_tsv.iob	1864-09-22
4_MommsenAnBrunn_page141_tsv.iob	1865-01-13
4_MommsenAnBrunn_page142_tsv.iob	1865-01-13
4_MommsenAnBrunn_page143_tsv.iob	1865-03-10
4_MommsenAnBrunn_page144_tsv.iob	1865-03-10
4_MommsenAnBrunn_page145_tsv.iob	1865-03-10
4_MommsenAnBrunn_page146_tsv.iob	1865-03-10
4_MommsenAnBrunn_page147_tsv.iob	1865-06-03
4_MommsenAnBrunn_page148_tsv.iob	1865-06-21
4_MommsenAnBrunn_page149_tsv.iob	1865-06-21
4_MommsenAnBrunn_page150_tsv.iob	1865-07-18
4_MommsenAnBrunn_page151_tsv.iob	1867-01-13
4_MommsenAnBrunn_page152_tsv.iob	1868-05-18
4_MommsenAnBrunn_page153_tsv.iob	1868-05-18
4_MommsenAnBrunn_page154_tsv.iob	1868-06-15
4_MommsenAnBrunn_page155_tsv.iob	1868-06-15
4_MommsenAnBrunn_page156_tsv.iob	1868-06-15
4_MommsenAnBrunn_page157_tsv.iob	1870-04-10
4_MommsenAnBrunn_page158_tsv.iob	1870-04-10
4_MommsenAnBrunn_page159_tsv.iob	1870-05-24
4_MommsenAnBrunn_page160_tsv.iob	1870-05-24
4_MommsenAnBrunn_page161_tsv.iob	1870-05-24
4_MommsenAnBrunn_page162_tsv.iob	1870-05-24
4_MommsenAnBrunn_page163_tsv.iob	1870-05-24
4_MommsenAnBrunn_page164_tsv.iob	1870-06-30
4_MommsenAnBrunn_page165_tsv.iob	1870-06-30
4_MommsenAnBrunn_page166_tsv.iob	1872-02-17
4_MommsenAnBrunn_page167_tsv.iob	1872-02-17
4_MommsenAnBrunn_page168_tsv.iob	1872-02-17
4_MommsenAnBrunn_page169_tsv.iob	1874-03-11
4_MommsenAnBrunn_page170_tsv.iob	1874-03-11
4_MommsenAnBrunn_page171_tsv.iob	17 » Januar
4_MommsenAnBrunn_page172_tsv.iob	1882-04-15
4_MommsenAnBrunn_page173_tsv.iob	1882-05-13
4_MommsenAnBrunn_page174_tsv.iob	1884-10-21
4_MommsenAnBrunn_page175_tsv.iob	1884-10-21
4_MommsenAnBrunn_page176_tsv.iob	Not parsed
4_MommsenAnBrunn_page177_tsv.iob	1887-06-01
4_MommsenAnBrunn_page178_tsv.iob	1887-12-12
4_MommsenAnBrunn_page179_tsv.iob	1890-01-20
4_MommsenAnBrunn_page180_tsv.iob	1890-01-20
4_MommsenAnBrunn_page181_tsv.iob	1890-01-20
4_MommsenAnBrunn_page182_tsv.iob	Not parsed
4_MommsenAnBrunn_page183_tsv.iob	Not parsed
4_MommsenAnBrunn_page184_tsv.iob	1890-06-19
4_MommsenAnBrunn_page185_tsv.iob	1890-06-19
4_MommsenAnBrunn_page186_tsv.iob	1890-07-27
4_MommsenAnBrunn_page187_tsv.iob	1890-08-01
4_MommsenAnBrunn_page188_tsv.iob	August I890
4_MommsenAnBrunn_page189_tsv.iob	1890-09-26
4_MommsenAnBrunn_page190_tsv.iob	1890-11-09
4_MommsenAnBrunn_page191_tsv.iob	1890-11-09
4_MommsenAnBrunn_page192_tsv.iob	1890-12-01
4_MommsenAnBrunn_page193_tsv.iob	1890-12-15
4_MommsenAnBrunn_page194_tsv.iob	1891-01-17
4_MommsenAnBrunn_page195_tsv.iob	1891-01-23
4_MommsenAnBrunn_page196_tsv.iob	1891-02-06
4_MommsenAnBrunn_page197_tsv.iob	1891-02-11
4_MommsenAnBrunn_page198_tsv.iob	1891-02-11
4_MommsenAnBrunn_page199_tsv.iob	1891-09-11
4_MommsenAnBrunn_page200_tsv.iob	1892-01-29
4_MommsenAnBrunn_page201_tsv.iob	1892-02-01
4_MommsenAnBrunn_page202_tsv.iob	1892-02-01
4_MommsenAnBrunn_page203_tsv.iob	1892-03-12
4_MommsenAnBrunn_page204_tsv.iob	1892-03-12
4_MommsenAnBrunn_page205_tsv.iob	1892-03-13
4_MommsenAnBrunn_page206_tsv.iob	1892-03-13
4_MommsenAnBrunn_page207_tsv.iob	1892-05-29
4_MommsenAnBrunn_page208_tsv.iob	1893-01-17
4_MommsenAnBrunn_page209_tsv.iob	1893-05-01
4_MommsenAnBrunn_page210_tsv.iob	1893-05-01
4_MommsenAnBrunn_page211_tsv.iob	1895-05-01
4_MommsenAnBrunn_page212_tsv.iob	1895-05-01
4_MommsenAnBrunn_page213_tsv.iob	1893-05-01
4_MommsenAnBrunn_page214_tsv.iob	1893-05-01
4_MommsenAnBrunn_page215_tsv.iob	1893-05-01
4_MommsenAnBrunn_page216_tsv.iob	1893-05-01
4_MommsenAnBrunn_page217_tsv.iob	Not parsed
4_MommsenAnBrunn_page218_tsv.iob	Montag
4_MommsenAnBrunn_page219_tsv.iob	Not parsed
4_MommsenAnBrunn_page220_tsv.iob	Not parsed1
4_MommsenAnBrunn_page221_tsv.iob	Not parsed1
4_MommsenAnBrunn_page222_tsv.iob	Not parsed1
4_MommsenAnBrunn_page223_tsv.iob	Not parsed1
4_MommsenAnBrunn_page224_tsv.iob	Not parsed1
4_MommsenAnBrunn_page225_tsv.iob	Not parsed1
4_MommsenAnBrunn_page226_tsv.iob	Not parsed1
4_MommsenAnBrunn_page227_tsv.iob	Not parsed1
4_MommsenAnBrunn_page228_tsv.iob	Not parsed1
4_MommsenAnBrunn_page229_tsv.iob	Not parsed2
5_GerhardAnBraun1844-1856_page001_tsv.iob	1844-01-02
5_GerhardAnBraun1844-1856_page002_tsv.iob	1844-01-02
5_GerhardAnBraun1844-1856_page003_tsv.iob	1844-01-02
5_GerhardAnBraun1844-1856_page004_tsv.iob	1844-01-02
5_GerhardAnBraun1844-1856_page005_tsv.iob	1844-01-02
5_GerhardAnBraun1844-1856_page006_tsv.iob	1844-01-02
5_GerhardAnBraun1844-1856_page007_tsv.iob	1844-01-03
5_GerhardAnBraun1844-1856_page008_tsv.iob	1844-01-03
5_GerhardAnBraun1844-1856_page009_tsv.iob	1844-01-03
5_GerhardAnBraun1844-1856_page010_tsv.iob	1844-01-03
5_GerhardAnBraun1844-1856_page011_tsv.iob	1844-01-11
5_GerhardAnBraun1844-1856_page012_tsv.iob	1844-01-11
5_GerhardAnBraun1844-1856_page013_tsv.iob	1844-01-11
5_GerhardAnBraun1844-1856_page014_tsv.iob	1844-01-11
5_GerhardAnBraun1844-1856_page015_tsv.iob	1844-01-21
5_GerhardAnBraun1844-1856_page016_tsv.iob	1844-01-21
5_GerhardAnBraun1844-1856_page017_tsv.iob	1844-01-21
5_GerhardAnBraun1844-1856_page018_tsv.iob	1844-01-21
5_GerhardAnBraun1844-1856_page019_tsv.iob	1844-01-21
5_GerhardAnBraun1844-1856_page020_tsv.iob	1844-01-21
5_GerhardAnBraun1844-1856_page021_tsv.iob	1844-01-21
5_GerhardAnBraun1844-1856_page022_tsv.iob	1844-01-30
5_GerhardAnBraun1844-1856_page023_tsv.iob	1844-01-30
5_GerhardAnBraun1844-1856_page024_tsv.iob	1844-01-30
5_GerhardAnBraun1844-1856_page025_tsv.iob	1844-01-30
5_GerhardAnBraun1844-1856_page026_tsv.iob	1844-02-08
5_GerhardAnBraun1844-1856_page027_tsv.iob	1844-02-08
5_GerhardAnBraun1844-1856_page028_tsv.iob	1844-02-08
5_GerhardAnBraun1844-1856_page029_tsv.iob	1844-02-20
5_GerhardAnBraun1844-1856_page030_tsv.iob	1844-02-20
5_GerhardAnBraun1844-1856_page031_tsv.iob	1844-02-20
5_GerhardAnBraun1844-1856_page032_tsv.iob	1844-02-27
5_GerhardAnBraun1844-1856_page033_tsv.iob	1844-02-27
5_GerhardAnBraun1844-1856_page034_tsv.iob	1844-02-27
5_GerhardAnBraun1844-1856_page035_tsv.iob	1844-02-27
5_GerhardAnBraun1844-1856_page036_tsv.iob	1844-03-13
5_GerhardAnBraun1844-1856_page037_tsv.iob	1844-03-13
5_GerhardAnBraun1844-1856_page038_tsv.iob	1844-03-25
5_GerhardAnBraun1844-1856_page039_tsv.iob	1844-03-25
5_GerhardAnBraun1844-1856_page040_tsv.iob	1844-03-25
5_GerhardAnBraun1844-1856_page041_tsv.iob	1844-03-25
5_GerhardAnBraun1844-1856_page042_tsv.iob	1844-03-25
5_GerhardAnBraun1844-1856_page043_tsv.iob	1844-04-01
5_GerhardAnBraun1844-1856_page044_tsv.iob	1844-04-01
5_GerhardAnBraun1844-1856_page045_tsv.iob	1844-04-01
5_GerhardAnBraun1844-1856_page046_tsv.iob	1844-04-22
5_GerhardAnBraun1844-1856_page047_tsv.iob	1844-04-22
5_GerhardAnBraun1844-1856_page048_tsv.iob	1844-04-22
5_GerhardAnBraun1844-1856_page049_tsv.iob	1844-04-22
5_GerhardAnBraun1844-1856_page050_tsv.iob	1844-05-01
5_GerhardAnBraun1844-1856_page051_tsv.iob	1844-05-01
5_GerhardAnBraun1844-1856_page052_tsv.iob	1844-05-01
5_GerhardAnBraun1844-1856_page053_tsv.iob	1844-05-16
5_GerhardAnBraun1844-1856_page054_tsv.iob	1844-05-16
5_GerhardAnBraun1844-1856_page055_tsv.iob	1844-05-16
5_GerhardAnBraun1844-1856_page056_tsv.iob	1844-05-18
5_GerhardAnBraun1844-1856_page057_tsv.iob	1844-05-18
5_GerhardAnBraun1844-1856_page058_tsv.iob	1844-05-18
5_GerhardAnBraun1844-1856_page059_tsv.iob	1844-06-08
5_GerhardAnBraun1844-1856_page060_tsv.iob	1644-06-08
5_GerhardAnBraun1844-1856_page061_tsv.iob	1844-06-08
5_GerhardAnBraun1844-1856_page062_tsv.iob	1844-06-08
5_GerhardAnBraun1844-1856_page063_tsv.iob	1844-06-08
5_GerhardAnBraun1844-1856_page064_tsv.iob	1844-06-24
5_GerhardAnBraun1844-1856_page065_tsv.iob	1844-06-24
5_GerhardAnBraun1844-1856_page066_tsv.iob	1844-07-07
5_GerhardAnBraun1844-1856_page067_tsv.iob	1844-07-07
5_GerhardAnBraun1844-1856_page068_tsv.iob	1844-07-07
5_GerhardAnBraun1844-1856_page069_tsv.iob	1844-07-07
5_GerhardAnBraun1844-1856_page070_tsv.iob	1844-08-11
5_GerhardAnBraun1844-1856_page071_tsv.iob	1844-08-11
5_GerhardAnBraun1844-1856_page072_tsv.iob	1844-09-11
5_GerhardAnBraun1844-1856_page073_tsv.iob	1844-09-11
5_GerhardAnBraun1844-1856_page074_tsv.iob	1844-09-11
5_GerhardAnBraun1844-1856_page075_tsv.iob	1844-09-11
5_GerhardAnBraun1844-1856_page076_tsv.iob	1844-09-11
5_GerhardAnBraun1844-1856_page077_tsv.iob	1844-10-07
5_GerhardAnBraun1844-1856_page078_tsv.iob	1844-10-07
5_GerhardAnBraun1844-1856_page079_tsv.iob	1844-10-20
5_GerhardAnBraun1844-1856_page080_tsv.iob	1844-11-08
5_GerhardAnBraun1844-1856_page081_tsv.iob	1844-11-08
5_GerhardAnBraun1844-1856_page082_tsv.iob	1844-11-08
5_GerhardAnBraun1844-1856_page083_tsv.iob	1844-11-13
5_GerhardAnBraun1844-1856_page084_tsv.iob	1844-11-13
5_GerhardAnBraun1844-1856_page085_tsv.iob	1844-11-21
5_GerhardAnBraun1844-1856_page086_tsv.iob	1844-11-21
5_GerhardAnBraun1844-1856_page087_tsv.iob	1844-11-21
5_GerhardAnBraun1844-1856_page088_tsv.iob	1844-12-10
5_GerhardAnBraun1844-1856_page089_tsv.iob	1844-12-10
5_GerhardAnBraun1844-1856_page090_tsv.iob	1844-12-24
5_GerhardAnBraun1844-1856_page091_tsv.iob	1844-12-24
5_GerhardAnBraun1844-1856_page092_tsv.iob	1844-12-24
5_GerhardAnBraun1844-1856_page093_tsv.iob	1844-12-24
5_GerhardAnBraun1844-1856_page094_tsv.iob	1844-12-27
5_GerhardAnBraun1844-1856_page095_tsv.iob	1845-01-03
5_GerhardAnBraun1844-1856_page096_tsv.iob	1845-01-03
5_GerhardAnBraun1844-1856_page097_tsv.iob	1845-01-10
5_GerhardAnBraun1844-1856_page098_tsv.iob	1845-01-10
5_GerhardAnBraun1844-1856_page099_tsv.iob	1845-01-10
5_GerhardAnBraun1844-1856_page100_tsv.iob	1845-01-10
5_GerhardAnBraun1844-1856_page101_tsv.iob	1845-01-20
5_GerhardAnBraun1844-1856_page102_tsv.iob	1845-01-20
5_GerhardAnBraun1844-1856_page103_tsv.iob	1845-01-20
5_GerhardAnBraun1844-1856_page104_tsv.iob	1845-01-29
5_GerhardAnBraun1844-1856_page105_tsv.iob	1845-01-29
5_GerhardAnBraun1844-1856_page106_tsv.iob	1845-02-07
5_GerhardAnBraun1844-1856_page107_tsv.iob	1845-02-07
5_GerhardAnBraun1844-1856_page108_tsv.iob	1845-02-10
5_GerhardAnBraun1844-1856_page109_tsv.iob	1845-02-10
5_GerhardAnBraun1844-1856_page110_tsv.iob	1845-02-10
5_GerhardAnBraun1844-1856_page111_tsv.iob	1845-02-25
5_GerhardAnBraun1844-1856_page112_tsv.iob	1845-02-25
5_GerhardAnBraun1844-1856_page113_tsv.iob	1845-02-27
5_GerhardAnBraun1844-1856_page114_tsv.iob	1845-02-27
5_GerhardAnBraun1844-1856_page115_tsv.iob	1845-02-27
5_GerhardAnBraun1844-1856_page116_tsv.iob	1845-02-27
5_GerhardAnBraun1844-1856_page117_tsv.iob	1845-02-27
5_GerhardAnBraun1844-1856_page118_tsv.iob	1845-02-27
5_GerhardAnBraun1844-1856_page119_tsv.iob	1845-03-14
5_GerhardAnBraun1844-1856_page120_tsv.iob	1845-03-19
5_GerhardAnBraun1844-1856_page121_tsv.iob	1845-03-19
5_GerhardAnBraun1844-1856_page122_tsv.iob	1845-03-19
5_GerhardAnBraun1844-1856_page123_tsv.iob	1845-03-21
5_GerhardAnBraun1844-1856_page124_tsv.iob	1845-03-21
5_GerhardAnBraun1844-1856_page125_tsv.iob	1845-03-21
5_GerhardAnBraun1844-1856_page126_tsv.iob	1845-03-24
5_GerhardAnBraun1844-1856_page127_tsv.iob	1845-03-24
5_GerhardAnBraun1844-1856_page128_tsv.iob	1845-03-24
5_GerhardAnBraun1844-1856_page129_tsv.iob	1845-04-05
5_GerhardAnBraun1844-1856_page130_tsv.iob	1845-04-05
5_GerhardAnBraun1844-1856_page131_tsv.iob	1845-04-05
5_GerhardAnBraun1844-1856_page132_tsv.iob	1845-04-05
5_GerhardAnBraun1844-1856_page133_tsv.iob	1845-04-19
5_GerhardAnBraun1844-1856_page134_tsv.iob	1845-04-19
5_GerhardAnBraun1844-1856_page135_tsv.iob	1845-04-19
5_GerhardAnBraun1844-1856_page136_tsv.iob	1845-04-19
5_GerhardAnBraun1844-1856_page137_tsv.iob	1845-04-30
5_GerhardAnBraun1844-1856_page138_tsv.iob	1845-04-30
5_GerhardAnBraun1844-1856_page139_tsv.iob	1845-04-30
5_GerhardAnBraun1844-1856_page140_tsv.iob	1845-05-15
5_GerhardAnBraun1844-1856_page141_tsv.iob	1845-05-15
5_GerhardAnBraun1844-1856_page142_tsv.iob	1845-05-15
5_GerhardAnBraun1844-1856_page143_tsv.iob	1845-05-27
5_GerhardAnBraun1844-1856_page144_tsv.iob	1845-05-27
5_GerhardAnBraun1844-1856_page145_tsv.iob	1845-05-27
5_GerhardAnBraun1844-1856_page146_tsv.iob	1845-06-17
5_GerhardAnBraun1844-1856_page147_tsv.iob	1845-06-18
5_GerhardAnBraun1844-1856_page148_tsv.iob	1845-06-18
5_GerhardAnBraun1844-1856_page149_tsv.iob	1845-06-18
5_GerhardAnBraun1844-1856_page150_tsv.iob	1845-07-05
5_GerhardAnBraun1844-1856_page151_tsv.iob	1845-07-05
5_GerhardAnBraun1844-1856_page152_tsv.iob	1845-07-05
5_GerhardAnBraun1844-1856_page153_tsv.iob	1845-07-26
5_GerhardAnBraun1844-1856_page155_tsv.iob	1845-07-26
5_GerhardAnBraun1844-1856_page156_tsv.iob	1845-08-09
5_GerhardAnBraun1844-1856_page157_tsv.iob	1845-08-09
5_GerhardAnBraun1844-1856_page158_tsv.iob	1845-08-25
5_GerhardAnBraun1844-1856_page159_tsv.iob	1845-08-25
5_GerhardAnBraun1844-1856_page160_tsv.iob	1845-08-25
5_GerhardAnBraun1844-1856_page161_tsv.iob	1845-09-25
5_GerhardAnBraun1844-1856_page162_tsv.iob	1845-09-25
5_GerhardAnBraun1844-1856_page163_tsv.iob	1845-10-03
5_GerhardAnBraun1844-1856_page164_tsv.iob	1845-10-03
5_GerhardAnBraun1844-1856_page165_tsv.iob	1845-10-03
5_GerhardAnBraun1844-1856_page166_tsv.iob	1846-01-05
5_GerhardAnBraun1844-1856_page167_tsv.iob	1846-03-15
5_GerhardAnBraun1844-1856_page168_tsv.iob	1846-03-15
5_GerhardAnBraun1844-1856_page169_tsv.iob	1846-03-25
5_GerhardAnBraun1844-1856_page170_tsv.iob	1846-03-25
5_GerhardAnBraun1844-1856_page171_tsv.iob	1846-03-25
5_GerhardAnBraun1844-1856_page172_tsv.iob	1846-03-25
5_GerhardAnBraun1844-1856_page173_tsv.iob	1846-03-25
5_GerhardAnBraun1844-1856_page174_tsv.iob	1846-03-27
5_GerhardAnBraun1844-1856_page175_tsv.iob	1846-03-27
5_GerhardAnBraun1844-1856_page176_tsv.iob	1846-04-02
5_GerhardAnBraun1844-1856_page177_tsv.iob	1846-04-02
5_GerhardAnBraun1844-1856_page178_tsv.iob	1846-04-17
5_GerhardAnBraun1844-1856_page179_tsv.iob	1846-04-17
5_GerhardAnBraun1844-1856_page180_tsv.iob	1846-04-17
5_GerhardAnBraun1844-1856_page181_tsv.iob	1846-04-21
5_GerhardAnBraun1844-1856_page182_tsv.iob	1846-04-21
5_GerhardAnBraun1844-1856_page183_tsv.iob	1846-04-21
5_GerhardAnBraun1844-1856_page184_tsv.iob	1846-04-21
5_GerhardAnBraun1844-1856_page185_tsv.iob	1846-04-27
5_GerhardAnBraun1844-1856_page186_tsv.iob	1846-04-27
5_GerhardAnBraun1844-1856_page187_tsv.iob	1846-04-27
5_GerhardAnBraun1844-1856_page188_tsv.iob	1846-04-27
5_GerhardAnBraun1844-1856_page189_tsv.iob	1846-05-14
5_GerhardAnBraun1844-1856_page190_tsv.iob	1846-05-14
5_GerhardAnBraun1844-1856_page191_tsv.iob	1846-05-14
5_GerhardAnBraun1844-1856_page192_tsv.iob	1846-05-14
5_GerhardAnBraun1844-1856_page193_tsv.iob	1846-05-14
5_GerhardAnBraun1844-1856_page194_tsv.iob	1846-05-20
5_GerhardAnBraun1844-1856_page195_tsv.iob	1846-05-21
5_GerhardAnBraun1844-1856_page196_tsv.iob	1846-05-21
5_GerhardAnBraun1844-1856_page197_tsv.iob	1846-05-21
5_GerhardAnBraun1844-1856_page198_tsv.iob	1846-05-27
5_GerhardAnBraun1844-1856_page199_tsv.iob	1846-05-27
5_GerhardAnBraun1844-1856_page200_tsv.iob	1846-05-27
5_GerhardAnBraun1844-1856_page201_tsv.iob	1846-06-05
5_GerhardAnBraun1844-1856_page202_tsv.iob	1846-06-05
5_GerhardAnBraun1844-1856_page203_tsv.iob	1846-06-05
5_GerhardAnBraun1844-1856_page204_tsv.iob	1846-06-05
5_GerhardAnBraun1844-1856_page205_tsv.iob	1846-06-11
5_GerhardAnBraun1844-1856_page206_tsv.iob	1846-06-11
5_GerhardAnBraun1844-1856_page207_tsv.iob	1846-06-11
5_GerhardAnBraun1844-1856_page208_tsv.iob	1846-06-12
5_GerhardAnBraun1844-1856_page209_tsv.iob	1846-06-12
5_GerhardAnBraun1844-1856_page210_tsv.iob	1846-06-12
5_GerhardAnBraun1844-1856_page211_tsv.iob	1846-06-12
5_GerhardAnBraun1844-1856_page212_tsv.iob	1846-06-25
5_GerhardAnBraun1844-1856_page213_tsv.iob	1846-06-25
5_GerhardAnBraun1844-1856_page214_tsv.iob	1846-06-26
5_GerhardAnBraun1844-1856_page215_tsv.iob	1846-06-26
5_GerhardAnBraun1844-1856_page216_tsv.iob	1846-06-26
5_GerhardAnBraun1844-1856_page217_tsv.iob	1846-06-26
5_GerhardAnBraun1844-1856_page218_tsv.iob	1849-06-26
5_GerhardAnBraun1844-1856_page219_tsv.iob	1846-06-26
5_GerhardAnBraun1844-1856_page220_tsv.iob	1846-06-26
5_GerhardAnBraun1844-1856_page221_tsv.iob	1846-07-16
5_GerhardAnBraun1844-1856_page222_tsv.iob	1846-07-16
5_GerhardAnBraun1844-1856_page223_tsv.iob	1846-07-16
5_GerhardAnBraun1844-1856_page224_tsv.iob	1846-07-16
5_GerhardAnBraun1844-1856_page225_tsv.iob	1846-07-16
5_GerhardAnBraun1844-1856_page226_tsv.iob	1846-07-20
5_GerhardAnBraun1844-1856_page227_tsv.iob	1846-07-20
5_GerhardAnBraun1844-1856_page228_tsv.iob	1846-07-20
5_GerhardAnBraun1844-1856_page229_tsv.iob	1846-07-28
5_GerhardAnBraun1844-1856_page230_tsv.iob	1846-07-28
5_GerhardAnBraun1844-1856_page231_tsv.iob	1846-07-28
5_GerhardAnBraun1844-1856_page232_tsv.iob	1846-07-28
5_GerhardAnBraun1844-1856_page233_tsv.iob	1846-08-08
5_GerhardAnBraun1844-1856_page234_tsv.iob	1846-08-08
5_GerhardAnBraun1844-1856_page235_tsv.iob	1846-08-08
5_GerhardAnBraun1844-1856_page236_tsv.iob	1847-04-27
5_GerhardAnBraun1844-1856_page237_tsv.iob	1847-04-27
5_GerhardAnBraun1844-1856_page238_tsv.iob	1847-04-27
5_GerhardAnBraun1844-1856_page239_tsv.iob	1847-04-27
5_GerhardAnBraun1844-1856_page240_tsv.iob	1847-09-21
5_GerhardAnBraun1844-1856_page241_tsv.iob	1847-09-21
5_GerhardAnBraun1844-1856_page242_tsv.iob	1847-09-21
5_GerhardAnBraun1844-1856_page243_tsv.iob	1847-09-21
5_GerhardAnBraun1844-1856_page244_tsv.iob	1848-08-05
5_GerhardAnBraun1844-1856_page245_tsv.iob	1848-08-05
5_GerhardAnBraun1844-1856_page246_tsv.iob	1848-10-12
5_GerhardAnBraun1844-1856_page247_tsv.iob	1848-10-12
5_GerhardAnBraun1844-1856_page248_tsv.iob	1848-10-12
5_GerhardAnBraun1844-1856_page249_tsv.iob	1848-10-26
5_GerhardAnBraun1844-1856_page250_tsv.iob	1848-10-26
5_GerhardAnBraun1844-1856_page251_tsv.iob	1848-10-28
5_GerhardAnBraun1844-1856_page252_tsv.iob	1848-10-28
5_GerhardAnBraun1844-1856_page253_tsv.iob	1848-10-28
5_GerhardAnBraun1844-1856_page254_tsv.iob	1848-11-04
5_GerhardAnBraun1844-1856_page255_tsv.iob	1848-11-04
5_GerhardAnBraun1844-1856_page256_tsv.iob	1848-11-15
5_GerhardAnBraun1844-1856_page257_tsv.iob	1848-11-15
5_GerhardAnBraun1844-1856_page258_tsv.iob	1848-11-15
5_GerhardAnBraun1844-1856_page259_tsv.iob	1848-12-11
5_GerhardAnBraun1844-1856_page260_tsv.iob	1848-12-11
5_GerhardAnBraun1844-1856_page261_tsv.iob	1848-12-20
5_GerhardAnBraun1844-1856_page262_tsv.iob	1848-12-20
5_GerhardAnBraun1844-1856_page263_tsv.iob	1848-12-29
5_GerhardAnBraun1844-1856_page264_tsv.iob	1848-12-29
5_GerhardAnBraun1844-1856_page265_tsv.iob	1849-01-02
5_GerhardAnBraun1844-1856_page266_tsv.iob	1849-01-02
5_GerhardAnBraun1844-1856_page267_tsv.iob	1849-01-22
5_GerhardAnBraun1844-1856_page268_tsv.iob	1849-01-22
5_GerhardAnBraun1844-1856_page269_tsv.iob	1849-01-22
5_GerhardAnBraun1844-1856_page270_tsv.iob	1849-02-05
5_GerhardAnBraun1844-1856_page271_tsv.iob	1849-02-05
5_GerhardAnBraun1844-1856_page272_tsv.iob	1849-02-05
5_GerhardAnBraun1844-1856_page273_tsv.iob	1849-02-10
5_GerhardAnBraun1844-1856_page274_tsv.iob	1849-02-10
5_GerhardAnBraun1844-1856_page275_tsv.iob	1849-02-13
5_GerhardAnBraun1844-1856_page276_tsv.iob	1849-02-13
5_GerhardAnBraun1844-1856_page277_tsv.iob	1849-02-13
5_GerhardAnBraun1844-1856_page278_tsv.iob	1849-02-17
5_GerhardAnBraun1844-1856_page279_tsv.iob	1849-02-17
5_GerhardAnBraun1844-1856_page280_tsv.iob	1849-02-17
5_GerhardAnBraun1844-1856_page281_tsv.iob	1849-03-06
5_GerhardAnBraun1844-1856_page282_tsv.iob	1849-03-06
5_GerhardAnBraun1844-1856_page283_tsv.iob	1849-03-06
5_GerhardAnBraun1844-1856_page284_tsv.iob	1849-03-22
5_GerhardAnBraun1844-1856_page285_tsv.iob	1849-03-22
5_GerhardAnBraun1844-1856_page286_tsv.iob	1849-03-24
5_GerhardAnBraun1844-1856_page287_tsv.iob	1849-03-24
5_GerhardAnBraun1844-1856_page288_tsv.iob	1849-04-11
5_GerhardAnBraun1844-1856_page289_tsv.iob	1850-05-16
5_GerhardAnBraun1844-1856_page290_tsv.iob	1856-02-28
5_GerhardAnBraun1844-1856_page291_tsv.iob	1856-02-28
6_HenzenAnGerhard_page001_tsv.iob	1851-01-07
6_HenzenAnGerhard_page002_tsv.iob	1851-01-07
6_HenzenAnGerhard_page003_tsv.iob	1851-01-07
6_HenzenAnGerhard_page004_tsv.iob	1851-01-07
6_HenzenAnGerhard_page005_tsv.iob	1851-02-04
6_HenzenAnGerhard_page006_tsv.iob	1851-02-04
6_HenzenAnGerhard_page007_tsv.iob	1851-03-27
6_HenzenAnGerhard_page008_tsv.iob	1851-03-27
6_HenzenAnGerhard_page009_tsv.iob	1851-04-16
6_HenzenAnGerhard_page010_tsv.iob	1851-04-16
6_HenzenAnGerhard_page011_tsv.iob	1851-06-22
6_HenzenAnGerhard_page012_tsv.iob	1851-06-22
6_HenzenAnGerhard_page013_tsv.iob	1851-06-28
6_HenzenAnGerhard_page014_tsv.iob	1851-06-28
6_HenzenAnGerhard_page015_tsv.iob	1851-09-04
6_HenzenAnGerhard_page016_tsv.iob	1851-09-04
6_HenzenAnGerhard_page017_tsv.iob	1851-10-09
6_HenzenAnGerhard_page018_tsv.iob	1851-10-09
6_HenzenAnGerhard_page019_tsv.iob	1851-10-09
6_HenzenAnGerhard_page020_tsv.iob	1851-11-01
6_HenzenAnGerhard_page021_tsv.iob	1851-11-01
6_HenzenAnGerhard_page022_tsv.iob	1851-11-01
6_HenzenAnGerhard_page023_tsv.iob	1851-11-20
6_HenzenAnGerhard_page024_tsv.iob	1851-11-20
6_HenzenAnGerhard_page025_tsv.iob	1851-12-20
6_HenzenAnGerhard_page026_tsv.iob	1851-12-20
6_HenzenAnGerhard_page027_tsv.iob	1851-12-30
6_HenzenAnGerhard_page028_tsv.iob	1851-12-30
6_HenzenAnGerhard_page029_tsv.iob	1852-01-08
6_HenzenAnGerhard_page030_tsv.iob	1852-01-08
6_HenzenAnGerhard_page031_tsv.iob	1852-01-08
6_HenzenAnGerhard_page032_tsv.iob	1852-01-17
6_HenzenAnGerhard_page033_tsv.iob	1852-01-17
6_HenzenAnGerhard_page034_tsv.iob	1852-01-17
6_HenzenAnGerhard_page035_tsv.iob	1852-01-17
6_HenzenAnGerhard_page036_tsv.iob	1852-11-05
6_HenzenAnGerhard_page037_tsv.iob	1852-11-05
6_HenzenAnGerhard_page038_tsv.iob	1852-11-15
6_HenzenAnGerhard_page039_tsv.iob	1852-11-15
6_HenzenAnGerhard_page040_tsv.iob	1852-11-15
6_HenzenAnGerhard_page041_tsv.iob	1852-02-26
6_HenzenAnGerhard_page042_tsv.iob	1852-02-26
6_HenzenAnGerhard_page043_tsv.iob	1852-02-26
6_HenzenAnGerhard_page044_tsv.iob	1852-03-10
6_HenzenAnGerhard_page045_tsv.iob	1852-03-10
6_HenzenAnGerhard_page046_tsv.iob	1852-03-10
6_HenzenAnGerhard_page047_tsv.iob	1852-03-25
6_HenzenAnGerhard_page048_tsv.iob	1852-03-25
6_HenzenAnGerhard_page049_tsv.iob	1852-03-25
6_HenzenAnGerhard_page050_tsv.iob	1852-04-02
6_HenzenAnGerhard_page051_tsv.iob	1852-04-02
6_HenzenAnGerhard_page052_tsv.iob	1852-04-02
6_HenzenAnGerhard_page053_tsv.iob	1852-04-02
6_HenzenAnGerhard_page054_tsv.iob	1852-04-20
6_HenzenAnGerhard_page055_tsv.iob	1852-04-20
6_HenzenAnGerhard_page056_tsv.iob	1852-04-20
6_HenzenAnGerhard_page057_tsv.iob	1852-04-20
6_HenzenAnGerhard_page058_tsv.iob	1852-04-30
6_HenzenAnGerhard_page059_tsv.iob	1852-04-30
6_HenzenAnGerhard_page060_tsv.iob	1852-04-30
6_HenzenAnGerhard_page061_tsv.iob	1852-04-30
6_HenzenAnGerhard_page063_tsv.iob	1852-05-20
6_HenzenAnGerhard_page064_tsv.iob	1852-06-14
6_HenzenAnGerhard_page065_tsv.iob	1852-06-14
6_HenzenAnGerhard_page066_tsv.iob	1852-06-14
6_HenzenAnGerhard_page067_tsv.iob	1852-07-03
6_HenzenAnGerhard_page068_tsv.iob	1852-07-03
6_HenzenAnGerhard_page069_tsv.iob	1852-07-03
6_HenzenAnGerhard_page070_tsv.iob	1852-07-04
6_HenzenAnGerhard_page071_tsv.iob	1852-07-17
6_HenzenAnGerhard_page072_tsv.iob	1852-07-17
6_HenzenAnGerhard_page073_tsv.iob	1852-07-17
6_HenzenAnGerhard_page074_tsv.iob	1852-08-05
6_HenzenAnGerhard_page075_tsv.iob	1852-08-05
6_HenzenAnGerhard_page076_tsv.iob	1852-08-07
6_HenzenAnGerhard_page077_tsv.iob	1852-08-07
6_HenzenAnGerhard_page078_tsv.iob	1852-09-16
6_HenzenAnGerhard_page079_tsv.iob	1852-09-16
6_HenzenAnGerhard_page080_tsv.iob	1852-09-16
6_HenzenAnGerhard_page081_tsv.iob	1852-09-16
6_HenzenAnGerhard_page082_tsv.iob	1852-10-07
6_HenzenAnGerhard_page083_tsv.iob	1852-10-22
6_HenzenAnGerhard_page084_tsv.iob	1852-10-22
6_HenzenAnGerhard_page085_tsv.iob	1852-10-22
6_HenzenAnGerhard_page086_tsv.iob	1852-10-22
6_HenzenAnGerhard_page087_tsv.iob	1852-11-10
6_HenzenAnGerhard_page088_tsv.iob	1852-11-10
6_HenzenAnGerhard_page089_tsv.iob	1852-11-10
6_HenzenAnGerhard_page090_tsv.iob	1852-11-27
6_HenzenAnGerhard_page091_tsv.iob	1852-11-27
6_HenzenAnGerhard_page092_tsv.iob	1852-12-09
6_HenzenAnGerhard_page093_tsv.iob	1852-12-09
6_HenzenAnGerhard_page094_tsv.iob	1852-12-09
6_HenzenAnGerhard_page095_tsv.iob	1852-12-22
6_HenzenAnGerhard_page096_tsv.iob	1852-12-22
6_HenzenAnGerhard_page097_tsv.iob	1852-12-22
6_HenzenAnGerhard_page098_tsv.iob	1852-12-22
6_HenzenAnGerhard_page099_tsv.iob	1853-01-18
6_HenzenAnGerhard_page100_tsv.iob	1853-01-18
6_HenzenAnGerhard_page101_tsv.iob	1853-01-18
6_HenzenAnGerhard_page102_tsv.iob	1853-03-03
6_HenzenAnGerhard_page103_tsv.iob	1853-03-03
6_HenzenAnGerhard_page104_tsv.iob	1853-03-06
6_HenzenAnGerhard_page105_tsv.iob	1853-03-06
6_HenzenAnGerhard_page106_tsv.iob	1853-04-11
6_HenzenAnGerhard_page107_tsv.iob	1853-04-11
6_HenzenAnGerhard_page108_tsv.iob	1853-04-12
6_HenzenAnGerhard_page109_tsv.iob	1853-04-12
6_HenzenAnGerhard_page110_tsv.iob	1853-04-12
6_HenzenAnGerhard_page111_tsv.iob	1853-04-12
6_HenzenAnGerhard_page112_tsv.iob	1853-04-12
6_HenzenAnGerhard_page113_tsv.iob	1853-04-12
6_HenzenAnGerhard_page114_tsv.iob	1853-04-20
6_HenzenAnGerhard_page115_tsv.iob	1853-04-20
6_HenzenAnGerhard_page116_tsv.iob	1853-04-20
6_HenzenAnGerhard_page117_tsv.iob	1853-04-20
6_HenzenAnGerhard_page118_tsv.iob	1853-05-13
6_HenzenAnGerhard_page119_tsv.iob	1853-05-13
6_HenzenAnGerhard_page120_tsv.iob	1853-05-13
6_HenzenAnGerhard_page121_tsv.iob	1853-05-13
6_HenzenAnGerhard_page122_tsv.iob	1853-06-06
6_HenzenAnGerhard_page123_tsv.iob	1853-06-06
6_HenzenAnGerhard_page124_tsv.iob	1853-06-06
6_HenzenAnGerhard_page125_tsv.iob	1853-06-15
6_HenzenAnGerhard_page126_tsv.iob	1853-06-15
6_HenzenAnGerhard_page127_tsv.iob	1853-07-03
6_HenzenAnGerhard_page128_tsv.iob	1853-07-03
6_HenzenAnGerhard_page129_tsv.iob	1853-07-03
6_HenzenAnGerhard_page130_tsv.iob	1853-07-03
6_HenzenAnGerhard_page131_tsv.iob	1853-07-03
6_HenzenAnGerhard_page132_tsv.iob	1853-07-04
6_HenzenAnGerhard_page133_tsv.iob	1853-07-04
6_HenzenAnGerhard_page134_tsv.iob	1853-07-16
6_HenzenAnGerhard_page135_tsv.iob	1853-07-16
6_HenzenAnGerhard_page136_tsv.iob	1853-07-16
6_HenzenAnGerhard_page137_tsv.iob	1853-07-25
6_HenzenAnGerhard_page138_tsv.iob	1853-07-25
6_HenzenAnGerhard_page139_tsv.iob	1853-07-25
6_HenzenAnGerhard_page140_tsv.iob	1853-07-25
6_HenzenAnGerhard_page141_tsv.iob	1853-08-13
6_HenzenAnGerhard_page142_tsv.iob	1853-08-13
6_HenzenAnGerhard_page143_tsv.iob	1853-08-13
6_HenzenAnGerhard_page144_tsv.iob	1853-08-13
6_HenzenAnGerhard_page145_tsv.iob	1853-08-25
6_HenzenAnGerhard_page146_tsv.iob	1853-08-25
6_HenzenAnGerhard_page147_tsv.iob	1853-09-06
6_HenzenAnGerhard_page148_tsv.iob	1853-09-06
6_HenzenAnGerhard_page149_tsv.iob	1853-09-06
6_HenzenAnGerhard_page150_tsv.iob	1853-09-29
6_HenzenAnGerhard_page151_tsv.iob	1853-09-29
6_HenzenAnGerhard_page152_tsv.iob	1853-10-29
6_HenzenAnGerhard_page153_tsv.iob	1853-10-29
6_HenzenAnGerhard_page154_tsv.iob	1853-10-29
6_HenzenAnGerhard_page155_tsv.iob	1853-03-06
6_HenzenAnGerhard_page156_tsv.iob	1853-10-31
6_HenzenAnGerhard_page157_tsv.iob	1853-10-31
6_HenzenAnGerhard_page158_tsv.iob	1853-11-23
6_HenzenAnGerhard_page159_tsv.iob	1853-11-23
6_HenzenAnGerhard_page160_tsv.iob	1853-12-28
6_HenzenAnGerhard_page161_tsv.iob	1853-12-28
6_HenzenAnGerhard_page162_tsv.iob	1853-12-31
6_HenzenAnGerhard_page163_tsv.iob	1853-12-31
6_HenzenAnGerhard_page164_tsv.iob	1854-01-16
6_HenzenAnGerhard_page165_tsv.iob	1854-01-16
6_HenzenAnGerhard_page166_tsv.iob	1854-01-21
6_HenzenAnGerhard_page167_tsv.iob	1854-01-21
6_HenzenAnGerhard_page168_tsv.iob	1854-01-21
6_HenzenAnGerhard_page169_tsv.iob	1854-02-01
6_HenzenAnGerhard_page170_tsv.iob	1854-02-01
6_HenzenAnGerhard_page171_tsv.iob	1854-02-06
6_HenzenAnGerhard_page172_tsv.iob	1854-02-06
6_HenzenAnGerhard_page173_tsv.iob	1854-02-06
6_HenzenAnGerhard_page174_tsv.iob	1854-02-13
6_HenzenAnGerhard_page175_tsv.iob	1854-02-13
6_HenzenAnGerhard_page176_tsv.iob	1854-02-13
6_HenzenAnGerhard_page177_tsv.iob	1854-02-20
6_HenzenAnGerhard_page178_tsv.iob	1854-02-20
6_HenzenAnGerhard_page179_tsv.iob	1854-02-20
6_HenzenAnGerhard_page180_tsv.iob	1854-03-04
6_HenzenAnGerhard_page181_tsv.iob	1854-03-04
6_HenzenAnGerhard_page182_tsv.iob	1854-03-04
6_HenzenAnGerhard_page183_tsv.iob	1854-03-07
6_HenzenAnGerhard_page184_tsv.iob	1854-03-07
6_HenzenAnGerhard_page185_tsv.iob	1854-03-07
6_HenzenAnGerhard_page186_tsv.iob	1854-03-23
6_HenzenAnGerhard_page187_tsv.iob	1854-03-23
6_HenzenAnGerhard_page188_tsv.iob	1854-03-23
6_HenzenAnGerhard_page189_tsv.iob	1854-04-01
6_HenzenAnGerhard_page190_tsv.iob	1854-04-01
6_HenzenAnGerhard_page191_tsv.iob	1854-04-01
6_HenzenAnGerhard_page192_tsv.iob	1854-04-11
6_HenzenAnGerhard_page193_tsv.iob	1854-04-22
6_HenzenAnGerhard_page194_tsv.iob	1854-04-22
6_HenzenAnGerhard_page195_tsv.iob	1854-05-09
6_HenzenAnGerhard_page196_tsv.iob	1854-05-09
6_HenzenAnGerhard_page197_tsv.iob	1854-05-09
6_HenzenAnGerhard_page198_tsv.iob	1854-05-09
6_HenzenAnGerhard_page199_tsv.iob	1854-05-26
6_HenzenAnGerhard_page200_tsv.iob	1854-05-26
6_HenzenAnGerhard_page201_tsv.iob	1854-05-26
6_HenzenAnGerhard_page202_tsv.iob	1854-05-26
6_HenzenAnGerhard_page203_tsv.iob	1854-05-31
6_HenzenAnGerhard_page204_tsv.iob	1854-05-31
6_HenzenAnGerhard_page205_tsv.iob	1854-05-31
6_HenzenAnGerhard_page206_tsv.iob	1854-07-15
6_HenzenAnGerhard_page207_tsv.iob	1854-07-15
6_HenzenAnGerhard_page208_tsv.iob	1854-07-15
6_HenzenAnGerhard_page209_tsv.iob	Jlu 1854
6_HenzenAnGerhard_page210_tsv.iob	1854-08-05
6_HenzenAnGerhard_page211_tsv.iob	1854-08-05
6_HenzenAnGerhard_page212_tsv.iob	1854-08-19
6_HenzenAnGerhard_page213_tsv.iob	1854-08-19
6_HenzenAnGerhard_page214_tsv.iob	1854-08-19
6_HenzenAnGerhard_page215_tsv.iob	1854-09-10
6_HenzenAnGerhard_page216_tsv.iob	1854-09-10
6_HenzenAnGerhard_page217_tsv.iob	1854-09-10
6_HenzenAnGerhard_page218_tsv.iob	1854-10-28
6_HenzenAnGerhard_page219_tsv.iob	1854-10-28
6_HenzenAnGerhard_page220_tsv.iob	1854-11-09
6_HenzenAnGerhard_page221_tsv.iob	1854-11-09
6_HenzenAnGerhard_page222_tsv.iob	1854-11-24
6_HenzenAnGerhard_page223_tsv.iob	1854-11-24
6_HenzenAnGerhard_page224_tsv.iob	1854-12-23
6_HenzenAnGerhard_page225_tsv.iob	1854-12-23
6_HenzenAnGerhard_page226_tsv.iob	1854-12-23
6_HenzenAnGerhard_page227_tsv.iob	1855-01-08
6_HenzenAnGerhard_page228_tsv.iob	1855-01-12
6_HenzenAnGerhard_page229_tsv.iob	1855-01-12
6_HenzenAnGerhard_page230_tsv.iob	1855-01-12
6_HenzenAnGerhard_page231_tsv.iob	1855-02-05
6_HenzenAnGerhard_page232_tsv.iob	1855-02-05
6_HenzenAnGerhard_page233_tsv.iob	1855-02-05
6_HenzenAnGerhard_page234_tsv.iob	1855-02-26
6_HenzenAnGerhard_page235_tsv.iob	1855-02-26
6_HenzenAnGerhard_page236_tsv.iob	1855-02-26
6_HenzenAnGerhard_page237_tsv.iob	1855-03-19
6_HenzenAnGerhard_page238_tsv.iob	1855-03-19
6_HenzenAnGerhard_page239_tsv.iob	1855-04-30
6_HenzenAnGerhard_page240_tsv.iob	1855-04-30
6_HenzenAnGerhard_page241_tsv.iob	1855-06-04
6_HenzenAnGerhard_page242_tsv.iob	1855-06-04
6_HenzenAnGerhard_page243_tsv.iob	1855-06-04
6_HenzenAnGerhard_page244_tsv.iob	1855-06-09
6_HenzenAnGerhard_page245_tsv.iob	1855-06-09
6_HenzenAnGerhard_page246_tsv.iob	1855-06-09
6_HenzenAnGerhard_page247_tsv.iob	1855-06-12
6_HenzenAnGerhard_page248_tsv.iob	1855-06-12
6_HenzenAnGerhard_page249_tsv.iob	1855-06-25
6_HenzenAnGerhard_page250_tsv.iob	1855-06-25
6_HenzenAnGerhard_page251_tsv.iob	1855-06-25
6_HenzenAnGerhard_page252_tsv.iob	1855-07-03
6_HenzenAnGerhard_page253_tsv.iob	1855-07-31
6_HenzenAnGerhard_page254_tsv.iob	1855-07-31
6_HenzenAnGerhard_page255_tsv.iob	1855-07-31
6_HenzenAnGerhard_page256_tsv.iob	1855-09-28
6_HenzenAnGerhard_page257_tsv.iob	1855-09-28
6_HenzenAnGerhard_page258_tsv.iob	1855-10-02
6_HenzenAnGerhard_page259_tsv.iob	1855-10-02
6_HenzenAnGerhard_page260_tsv.iob	1855-11-10
6_HenzenAnGerhard_page261_tsv.iob	1855-11-10
6_HenzenAnGerhard_page262_tsv.iob	1855-11-10
6_HenzenAnGerhard_page263_tsv.iob	1855-11-27
6_HenzenAnGerhard_page264_tsv.iob	1855-11-27
6_HenzenAnGerhard_page265_tsv.iob	1855-12-31
6_HenzenAnGerhard_page266_tsv.iob	1855-12-31
7_HelbigAnHenzen1863_page001_tsv.iob	1863-08-14
7_HelbigAnHenzen1863_page002_tsv.iob	1863-08-20
7_HelbigAnHenzen1863_page003_tsv.iob	1863-08-20
7_HelbigAnHenzen1863_page004_tsv.iob	1863-09-10
7_HelbigAnHenzen1863_page005_tsv.iob	1863-09-10
7_HelbigAnHenzen1863_page006_tsv.iob	1863-09-10
7_HelbigAnHenzen1863_page007_tsv.iob	1863-29-12
7_HelbigAnHenzen1863_page008_tsv.iob	1864-05-06
7_HelbigAnHenzen1863_page009_tsv.iob	1864-05-06
7_HelbigAnHenzen1863_page010_tsv.iob	1864-05-06
7_HelbigAnHenzen1863_page011_tsv.iob	1864-05-12
7_HelbigAnHenzen1863_page012_tsv.iob	1864-05-12
7_HelbigAnHenzen1863_page013_tsv.iob	1864-05-12
7_HelbigAnHenzen1863_page014_tsv.iob	1864-06-01
7_HelbigAnHenzen1863_page015_tsv.iob	1864-06-01
7_HelbigAnHenzen1863_page016_tsv.iob	1864-06-10
7_HelbigAnHenzen1863_page017_tsv.iob	1864-06-10
7_HelbigAnHenzen1863_page018_tsv.iob	1864-06-10
7_HelbigAnHenzen1863_page019_tsv.iob	1864-06-20
7_HelbigAnHenzen1863_page020_tsv.iob	1864-06-20
7_HelbigAnHenzen1863_page021_tsv.iob	1864-06-27
7_HelbigAnHenzen1863_page022_tsv.iob	1864-06-27
7_HelbigAnHenzen1863_page023_tsv.iob	1864-07-28
7_HelbigAnHenzen1863_page024_tsv.iob	1864-07-28
7_HelbigAnHenzen1863_page025_tsv.iob	1864-07-28
7_HelbigAnHenzen1863_page026_tsv.iob	1864-08-06
7_HelbigAnHenzen1863_page027_tsv.iob	1864-08-06
7_HelbigAnHenzen1863_page028_tsv.iob	1864-08-16
7_HelbigAnHenzen1863_page029_tsv.iob	1864-08-16
7_HelbigAnHenzen1863_page030_tsv.iob	1864-08-19
7_HelbigAnHenzen1863_page031_tsv.iob	1864-08-19
7_HelbigAnHenzen1863_page032_tsv.iob	1864-08-19
7_HelbigAnHenzen1863_page033_tsv.iob	1864-08-24
7_HelbigAnHenzen1863_page034_tsv.iob	1864-08-24
7_HelbigAnHenzen1863_page035_tsv.iob	1864-08-24
7_HelbigAnHenzen1863_page036_tsv.iob	1864-08-24
7_HelbigAnHenzen1863_page037_tsv.iob	1864-08-29
7_HelbigAnHenzen1863_page038_tsv.iob	1864-08-29
7_HelbigAnHenzen1863_page039_tsv.iob	1864-09-05
7_HelbigAnHenzen1863_page040_tsv.iob	1864-09-05
7_HelbigAnHenzen1863_page041_tsv.iob	1864-09-13
7_HelbigAnHenzen1863_page042_tsv.iob	1864-09-13
7_HelbigAnHenzen1863_page043_tsv.iob	1864-09-28
7_HelbigAnHenzen1863_page044_tsv.iob	1864-09-28
7_HelbigAnHenzen1863_page045_tsv.iob	1864-09-28
7_HelbigAnHenzen1863_page046_tsv.iob	1864-09-29
7_HelbigAnHenzen1863_page047_tsv.iob	1865-02-04
7_HelbigAnHenzen1863_page048_tsv.iob	1865-02-04
7_HelbigAnHenzen1863_page049_tsv.iob	1865-02-14
7_HelbigAnHenzen1863_page050_tsv.iob	1865-02-14
7_HelbigAnHenzen1863_page051_tsv.iob	1865-02-14
7_HelbigAnHenzen1863_page052_tsv.iob	1865-03-10
7_HelbigAnHenzen1863_page053_tsv.iob	1865-03-10
7_HelbigAnHenzen1863_page054_tsv.iob	1865-03-24
7_HelbigAnHenzen1863_page055_tsv.iob	1865-03-24
7_HelbigAnHenzen1863_page056_tsv.iob	1865-03-24
7_HelbigAnHenzen1863_page057_tsv.iob	1865-06-14
7_HelbigAnHenzen1863_page058_tsv.iob	1865-06-14
7_HelbigAnHenzen1863_page059_tsv.iob	1865-07-14
7_HelbigAnHenzen1863_page060_tsv.iob	1865-06-15
7_HelbigAnHenzen1863_page061_tsv.iob	1865-07-03
7_HelbigAnHenzen1863_page062_tsv.iob	1865-07-03
7_HelbigAnHenzen1863_page063_tsv.iob	1865-07-24
7_HelbigAnHenzen1863_page064_tsv.iob	1865-07-26
7_HelbigAnHenzen1863_page065_tsv.iob	1865-08-04
7_HelbigAnHenzen1863_page066_tsv.iob	1865-08-07
7_HelbigAnHenzen1863_page067_tsv.iob	1865-08-07
7_HelbigAnHenzen1863_page068_tsv.iob	1865-08-12
7_HelbigAnHenzen1863_page069_tsv.iob	1865-08-12
7_HelbigAnHenzen1863_page070_tsv.iob	1865-08-21
7_HelbigAnHenzen1863_page071_tsv.iob	1865-08-21
7_HelbigAnHenzen1863_page072_tsv.iob	1865-08-21
7_HelbigAnHenzen1863_page073_tsv.iob	1866-06-18
7_HelbigAnHenzen1863_page074_tsv.iob	1866-06-18
7_HelbigAnHenzen1863_page075_tsv.iob	1866-06-18
7_HelbigAnHenzen1863_page076_tsv.iob	1866-07-01
7_HelbigAnHenzen1863_page077_tsv.iob	1866-07-01
7_HelbigAnHenzen1863_page078_tsv.iob	1866-07-01
7_HelbigAnHenzen1863_page079_tsv.iob	1866-07-14
7_HelbigAnHenzen1863_page080_tsv.iob	1866-07-14
7_HelbigAnHenzen1863_page081_tsv.iob	1866-08-08
7_HelbigAnHenzen1863_page082_tsv.iob	1866-08-08
7_HelbigAnHenzen1863_page083_tsv.iob	1866-08-08
7_HelbigAnHenzen1863_page084_tsv.iob	1866-08-08
7_HelbigAnHenzen1863_page085_tsv.iob	1866-08-08
7_HelbigAnHenzen1863_page086_tsv.iob	1866-08-08
7_HelbigAnHenzen1863_page087_tsv.iob	1866-08-29
7_HelbigAnHenzen1863_page088_tsv.iob	1866-08-29
7_HelbigAnHenzen1863_page089_tsv.iob	1866-09-11
7_HelbigAnHenzen1863_page090_tsv.iob	1866-09-11
7_HelbigAnHenzen1863_page091_tsv.iob	1866-11-05
7_HelbigAnHenzen1863_page092_tsv.iob	1866-11-05
7_HelbigAnHenzen1863_page093_tsv.iob	1867-07-07
7_HelbigAnHenzen1863_page094_tsv.iob	1867-07-20
7_HelbigAnHenzen1863_page095_tsv.iob	1867-08-22
7_HelbigAnHenzen1863_page096_tsv.iob	1867-08-22
7_HelbigAnHenzen1863_page097_tsv.iob	1868-04-21
7_HelbigAnHenzen1863_page098_tsv.iob	1868-04-27
7_HelbigAnHenzen1863_page099_tsv.iob	1868-04-27
7_HelbigAnHenzen1863_page100_tsv.iob	1868-05-21
7_HelbigAnHenzen1863_page101_tsv.iob	1868-06-01
7_HelbigAnHenzen1863_page102_tsv.iob	1868-06-01
7_HelbigAnHenzen1863_page103_tsv.iob	1868-06-14
7_HelbigAnHenzen1863_page104_tsv.iob	1868-06-14
7_HelbigAnHenzen1863_page105_tsv.iob	1868-08-05
7_HelbigAnHenzen1863_page106_tsv.iob	1868-08-05
7_HelbigAnHenzen1863_page107_tsv.iob	1868-08-05
7_HelbigAnHenzen1863_page108_tsv.iob	1868-08-05
7_HelbigAnHenzen1863_page109_tsv.iob	1868-09-05
7_HelbigAnHenzen1863_page110_tsv.iob	1868-09-05
7_HelbigAnHenzen1863_page111_tsv.iob	1868-09-05
7_HelbigAnHenzen1863_page112_tsv.iob	1868-09-05
7_HelbigAnHenzen1863_page113_tsv.iob	1868-09-05
7_HelbigAnHenzen1863_page114_tsv.iob	1869-07-14
7_HelbigAnHenzen1863_page115_tsv.iob	1869-07-14
7_HelbigAnHenzen1863_page116_tsv.iob	1869-09-15
7_HelbigAnHenzen1863_page117_tsv.iob	1869-09-15
7_HelbigAnHenzen1863_page118_tsv.iob	1869-09-23
7_HelbigAnHenzen1863_page119_tsv.iob	1869-09-23
7_HelbigAnHenzen1863_page120_tsv.iob	1869-09-28
7_HelbigAnHenzen1863_page121_tsv.iob	1870-06-07
7_HelbigAnHenzen1863_page122_tsv.iob	1870-06-07
7_HelbigAnHenzen1863_page123_tsv.iob	1870-06-12
7_HelbigAnHenzen1863_page124_tsv.iob	1870-06-12
7_HelbigAnHenzen1863_page125_tsv.iob	1870-06-29
7_HelbigAnHenzen1863_page126_tsv.iob	1870-06-29
7_HelbigAnHenzen1863_page127_tsv.iob	1870-07-06
7_HelbigAnHenzen1863_page128_tsv.iob	1870-07-06
7_HelbigAnHenzen1863_page129_tsv.iob	1870-07-05
7_HelbigAnHenzen1863_page130_tsv.iob	1870-07-07
7_HelbigAnHenzen1863_page131_tsv.iob	1870-07-13
7_HelbigAnHenzen1863_page132_tsv.iob	1870-07-13
7_HelbigAnHenzen1863_page133_tsv.iob	1870-07-13
7_HelbigAnHenzen1863_page134_tsv.iob	1870-07-16
7_HelbigAnHenzen1863_page135_tsv.iob	1870-07-16
7_HelbigAnHenzen1863_page136_tsv.iob	1870-07-19
7_HelbigAnHenzen1863_page137_tsv.iob	1870-07-19
7_HelbigAnHenzen1863_page138_tsv.iob	1870-07-19
7_HelbigAnHenzen1863_page139_tsv.iob	1870-07-19
7_HelbigAnHenzen1863_page140_tsv.iob	1870-08-03
7_HelbigAnHenzen1863_page141_tsv.iob	1870-08-03
7_HelbigAnHenzen1863_page142_tsv.iob	1870-08-03
7_HelbigAnHenzen1863_page143_tsv.iob	1870-08-03
7_HelbigAnHenzen1863_page144_tsv.iob	1870-08-19
7_HelbigAnHenzen1863_page145_tsv.iob	1870-08-19
7_HelbigAnHenzen1863_page146_tsv.iob	1870-08-19
7_HelbigAnHenzen1863_page147_tsv.iob	1870-08-19
7_HelbigAnHenzen1863_page148_tsv.iob	1870-08-30
7_HelbigAnHenzen1863_page149_tsv.iob	1870-08-30
7_HelbigAnHenzen1863_page150_tsv.iob	1870-08-30
7_HelbigAnHenzen1863_page151_tsv.iob	1870-08-30
7_HelbigAnHenzen1863_page152_tsv.iob	1870-09-14
7_HelbigAnHenzen1863_page153_tsv.iob	1870-09-14
7_HelbigAnHenzen1863_page154_tsv.iob	1870-09-14
7_HelbigAnHenzen1863_page155_tsv.iob	1870-09-30
7_HelbigAnHenzen1863_page156_tsv.iob	1870-09-30
7_HelbigAnHenzen1863_page157_tsv.iob	1870-09-30
7_HelbigAnHenzen1863_page158_tsv.iob	1870-09-30
7_HelbigAnHenzen1863_page159_tsv.iob	1870-10-14
7_HelbigAnHenzen1863_page160_tsv.iob	1870-10-14
7_HelbigAnHenzen1863_page161_tsv.iob	1871-06-04
7_HelbigAnHenzen1863_page162_tsv.iob	1871-06-04
7_HelbigAnHenzen1863_page163_tsv.iob	1871-06-22
7_HelbigAnHenzen1863_page164_tsv.iob	1871-06-22
7_HelbigAnHenzen1863_page165_tsv.iob	1871-07-11
7_HelbigAnHenzen1863_page166_tsv.iob	1871-07-11
7_HelbigAnHenzen1863_page167_tsv.iob	1871-07-11
7_HelbigAnHenzen1863_page168_tsv.iob	1871-09-02
7_HelbigAnHenzen1863_page169_tsv.iob	1871-09-02
7_HelbigAnHenzen1863_page170_tsv.iob	1871-09-02
7_HelbigAnHenzen1863_page171_tsv.iob	1871-09-02
7_HelbigAnHenzen1863_page172_tsv.iob	1872-07-10
7_HelbigAnHenzen1863_page173_tsv.iob	1872-07-10
7_HelbigAnHenzen1863_page174_tsv.iob	1872-07-24
7_HelbigAnHenzen1863_page175_tsv.iob	1872-07-24
7_HelbigAnHenzen1863_page176_tsv.iob	1872-07-24
7_HelbigAnHenzen1863_page177_tsv.iob	1872-08-13
7_HelbigAnHenzen1863_page178_tsv.iob	1872-08-13
7_HelbigAnHenzen1863_page179_tsv.iob	1872-08-13
7_HelbigAnHenzen1863_page180_tsv.iob	1872-09-01
7_HelbigAnHenzen1863_page181_tsv.iob	1872-09-01
7_HelbigAnHenzen1863_page182_tsv.iob	1872-09-01
7_HelbigAnHenzen1863_page183_tsv.iob	1873-06-25
7_HelbigAnHenzen1863_page184_tsv.iob	1873-06-25
7_HelbigAnHenzen1863_page185_tsv.iob	1873-07-14
7_HelbigAnHenzen1863_page186_tsv.iob	1873-07-14
7_HelbigAnHenzen1863_page187_tsv.iob	1873-07-20
7_HelbigAnHenzen1863_page188_tsv.iob	1873-07-20
7_HelbigAnHenzen1863_page189_tsv.iob	1873-07-26
7_HelbigAnHenzen1863_page190_tsv.iob	1873-07-26
7_HelbigAnHenzen1863_page191_tsv.iob	1873-07-26
7_HelbigAnHenzen1863_page192_tsv.iob	1873-08-06
7_HelbigAnHenzen1863_page193_tsv.iob	1873-08-06
7_HelbigAnHenzen1863_page194_tsv.iob	1873-08-31
7_HelbigAnHenzen1863_page195_tsv.iob	1873-08-31
7_HelbigAnHenzen1863_page196_tsv.iob	1873-10-07
7_HelbigAnHenzen1863_page197_tsv.iob	1873-10-07
7_HelbigAnHenzen1863_page198_tsv.iob	1873-10-18
7_HelbigAnHenzen1863_page199_tsv.iob	1873-10-18
7_HelbigAnHenzen1863_page200_tsv.iob	1873-10-27
7_HelbigAnHenzen1863_page201_tsv.iob	1873-10-27
7_HelbigAnHenzen1863_page202_tsv.iob	1873-10-31
7_HelbigAnHenzen1863_page203_tsv.iob	1873-10-31
7_HelbigAnHenzen1863_page204_tsv.iob	1874-06-05
7_HelbigAnHenzen1863_page205_tsv.iob	1874-06-05
7_HelbigAnHenzen1863_page206_tsv.iob	1874-06-05
7_HelbigAnHenzen1863_page207_tsv.iob	1874-07-07
7_HelbigAnHenzen1863_page208_tsv.iob	1874-07-07
7_HelbigAnHenzen1863_page209_tsv.iob	1874-07-16
7_HelbigAnHenzen1863_page210_tsv.iob	1874-07-16
7_HelbigAnHenzen1863_page211_tsv.iob	1874-07-16
7_HelbigAnHenzen1863_page212_tsv.iob	1874-07-25
7_HelbigAnHenzen1863_page213_tsv.iob	1874-07-25
7_HelbigAnHenzen1863_page214_tsv.iob	1874-07-25
7_HelbigAnHenzen1863_page215_tsv.iob	1874-07-25
7_HelbigAnHenzen1863_page216_tsv.iob	1874-08-05
7_HelbigAnHenzen1863_page217_tsv.iob	1874-08-05
7_HelbigAnHenzen1863_page218_tsv.iob	1874-08-05
7_HelbigAnHenzen1863_page219_tsv.iob	1874-08-15
7_HelbigAnHenzen1863_page220_tsv.iob	1874-08-15
7_HelbigAnHenzen1863_page221_tsv.iob	1874-08-16
7_HelbigAnHenzen1863_page222_tsv.iob	1874-08-16
7_HelbigAnHenzen1863_page223_tsv.iob	1874-08-20
7_HelbigAnHenzen1863_page224_tsv.iob	1874-08-20
7_HelbigAnHenzen1863_page225_tsv.iob	1874-08-20
7_HelbigAnHenzen1863_page226_tsv.iob	1874-08-26
7_HelbigAnHenzen1863_page227_tsv.iob	1874-08-26
7_HelbigAnHenzen1863_page228_tsv.iob	1874-08-26
7_HelbigAnHenzen1863_page229_tsv.iob	1874-08-26
7_HelbigAnHenzen1863_page230_tsv.iob	1874-08-29
7_HelbigAnHenzen1863_page231_tsv.iob	1874-09-01
7_HelbigAnHenzen1863_page232_tsv.iob	1874-09-01
7_HelbigAnHenzen1863_page233_tsv.iob	1874-09-03
7_HelbigAnHenzen1863_page234_tsv.iob	1874-09-03
7_HelbigAnHenzen1863_page235_tsv.iob	1874-09-03
7_HelbigAnHenzen1863_page236_tsv.iob	1874-09-16
7_HelbigAnHenzen1863_page237_tsv.iob	1874-10-03
7_HelbigAnHenzen1863_page238_tsv.iob	1874-10-03
7_HelbigAnHenzen1863_page239_tsv.iob	1874-10-10
7_HelbigAnHenzen1863_page240_tsv.iob	1875-05-20
7_HelbigAnHenzen1863_page241_tsv.iob	1875-05-20
7_HelbigAnHenzen1863_page242_tsv.iob	Not parsed
7_HelbigAnHenzen1863_page243_tsv.iob	1875-07-06
7_HelbigAnHenzen1863_page244_tsv.iob	1875-07-06
7_HelbigAnHenzen1863_page245_tsv.iob	1875-07-09
7_HelbigAnHenzen1863_page246_tsv.iob	1875-07-09
7_HelbigAnHenzen1863_page247_tsv.iob	1875-07-10
7_HelbigAnHenzen1863_page248_tsv.iob	1875-07-10
7_HelbigAnHenzen1863_page249_tsv.iob	1875-07-14
7_HelbigAnHenzen1863_page250_tsv.iob	1875-07-14
7_HelbigAnHenzen1863_page251_tsv.iob	1875-07-24
7_HelbigAnHenzen1863_page252_tsv.iob	1875-07-29
7_HelbigAnHenzen1863_page253_tsv.iob	1875-07-29
7_HelbigAnHenzen1863_page254_tsv.iob	1875-08-05
7_HelbigAnHenzen1863_page255_tsv.iob	1875-08-03
7_HelbigAnHenzen1863_page256_tsv.iob	1875-08-03
7_HelbigAnHenzen1863_page257_tsv.iob	1875-08-06
7_HelbigAnHenzen1863_page258_tsv.iob	1875-08-07
7_HelbigAnHenzen1863_page259_tsv.iob	1875-08-10
7_HelbigAnHenzen1863_page260_tsv.iob	1875-08-10
7_HelbigAnHenzen1863_page261_tsv.iob	1875-08-15
7_HelbigAnHenzen1863_page262_tsv.iob	1875-09-04
7_HelbigAnHenzen1863_page263_tsv.iob	1875-09-04
7_HelbigAnHenzen1863_page264_tsv.iob	1875-09-04
